﻿<ControllerSetupData>
  <MasterSetupData ControllerId="0" ControllerModelId="1" ControllerTypeId="2" EcolabAccountNumber="" TabId="0" TopicName="" ControllerNumber="" ControllerVersion="1" InstallDate="08/20/2015" Active="true" >
  </MasterSetupData>
  <DynamicSetupData>
    <Data ControllerId="0" ControllerModelId="5" FieldGroupId="13" FieldId="11" Value="RSLinx OPC Server" FieldTagValue="" EcolabAccountNumber=""></Data>
    <Data ControllerId="0" ControllerModelId="5" FieldGroupId="13" FieldId="147" Value="15" FieldTagValue="" EcolabAccountNumber=""></Data>
    <Data ControllerId="0" ControllerModelId="5" FieldGroupId="13" FieldId="142" Value="false" FieldTagValue="" EcolabAccountNumber=""></Data>
    <Data ControllerId="0" ControllerModelId="5" FieldGroupId="13" FieldId="143" Value="" FieldTagValue="" EcolabAccountNumber=""></Data>
    <Data ControllerId="0" ControllerModelId="5" FieldGroupId="13" FieldId="144" Value="" FieldTagValue="" EcolabAccountNumber=""></Data>
    <Data ControllerId="0" ControllerModelId="5" FieldGroupId="13" FieldId="145" Value="" FieldTagValue="" EcolabAccountNumber=""></Data>
  </DynamicSetupData>
</ControllerSetupData>
