﻿<Conduit>
  <Group Value="TcdAddPlantChemical,TcdUpdatePlantChemical,TcdDeletePlantChemical">
    <Item>TcdAddPlantChemical</Item>
  </Group>
  <Group Value="TcdAddController,TcdUpdateController,TcdDeleteController,TcdAddControllerAdvanced,TcdUpdateControllerAdvanced,TcdDeleteControllerAdvanced,TcdUpdatePump,TcdUpdateControllerSetupListing,TcdDeleteControllerSetupListing,TcdAddControllerEquipmentSetup,TcdUpdateControllerEquipmentSetup,TcdDeleteControllerEquipmentSetup">
    <Item>TcdAddController</Item>
    <Item>TcdAddControllerAdvanced</Item>
    <Item>TcdAddPlantChemical</Item>
    <Item>TcdUpdatePump</Item>
  </Group>
  <Group Value="TcdAddDryerGroup,TcdUpdateDryerGroup,TcdDeleteDryerGroup,TcdAddDryers,TcdUpdateDryers,TcdDeleteDryers">
    <Item>TcdAddDryerGroup</Item>
    <Item>TcdAddDryers</Item>
  </Group>
  <Group Value="TcdAddFinnisherGroup,TcdUpdateFinnisherGroup,TcdDeleteFinnisherGroup,TcdAddFinnisher,TcdUpdateFinnisher,TcdDeleteFinnisher">
    <Item>TcdAddFinnisherGroup</Item>
    <Item>TcdAddFinnisher</Item>
  </Group>
  <Group Value="TcdAddLaborCost,TcdUpdateLaborCost,TcdDeletePlantChemical">
    <Item>TcdAddLaborCost</Item>
  </Group>
  <Group Value="TcdAddMeters,TcdUpdateMeters,TcdDeleteMeters">
    <Item>TcdAddController</Item>
    <Item>TcdAddWasherGroup</Item>
    <Item>TcdAddDryerGroup</Item>
    <Item>TcdAddFinnisherGroup</Item>
    <Item>TcdAddDryers</Item>
    <Item>TcdAddFinnisher</Item>
    <Item>TcdAddConventionaGeneral</Item>
    <Item>TcdAddTunnelGeneral</Item>
    <Item>TcdAddMeters</Item>
  </Group>
  <Group Value="TcdAddPlantContact,TcdUpdatePlantContact,TcdDeletePlantContact,TcdUpdateMyServicePlantContact">
    <Item>TcdAddPlantContact</Item>
  </Group>
  <Group Value="TcdAddPlantCustomer,TcdUpdatePlantCustomer,TcdDeletePlantCustomer">
    <Item>TcdAddPlantCustomer</Item>
  </Group>
  <Group Value="TcdUpdatePlant">
    <Item>TcdUpdatePlant</Item>
  </Group>
  <Group Value="TcdAddPlantFormula,TcdUpdatePlantFormula,TcdDeletePlantFormula">
    <Item>TcdAddPlantCustomer</Item>
    <Item>TcdAddPlantFormula</Item>
  </Group>
  <Group Value="TcdAddRedFlag,TcdUpdateRedFlag,TcdDeleteRedFlag">
    <Item>TcdAddController</Item>
    <Item>TcdAddWasherGroup</Item>
    <Item>TcdAddDryerGroup</Item>
    <Item>TcdAddFinnisherGroup</Item>
    <Item>TcdAddDryers</Item>
    <Item>TcdAddFinnisher</Item>
    <Item>TcdAddConventionaGeneral</Item>
    <Item>TcdAddTunnelGeneral</Item>
    <Item>TcdAddPlantFormula</Item>
    <Item>TcdAddMeters</Item>
    <Item>TcdAddSensor</Item>
    <Item>TcdAddRedFlag</Item>
  </Group>
  <Group Value="TcdAddSensor,TcdUpdateSensor,TcdDeleteSensor">
    <Item>TcdAddController</Item>
    <Item>TcdAddWasherGroup</Item>
    <Item>TcdAddDryerGroup</Item>
    <Item>TcdAddFinnisherGroup</Item>
    <Item>TcdAddDryers</Item>
    <Item>TcdAddFinnisher</Item>
    <Item>TcdAddConventionaGeneral</Item>
    <Item>TcdAddTunnelGeneral</Item>
    <Item>TcdAddPlantChemical</Item>
    <Item>TcdUpdatePump</Item>
    <Item>TcdAddSensor</Item>
  </Group>
  <Group Value="TcdAddShift,TcdUpdateShift,TcdDeleteShift,TcdDeleteBreak,TcdAddShiftLabor,TcdUpdateShiftLabor,TcdDeleteShiftLabor,TcdUpdateTargetProduction">
    <Item>TcdAddLaborCost</Item>
    <Item>TcdAddShift</Item>
    <Item>TcdUpdateTargetProduction</Item>
    <Item>TcdAddShiftLabor</Item>
  </Group>
  <Group Value="TcdAddStorageTanks,TcdUpdateStorageTanks,TcdDeleteStorageTanks">
    <Item>TcdAddController</Item>
    <Item>TcdAddPlantChemical</Item>
    <Item>TcdAddStorageTanks</Item>
  </Group>
  <Group Value="TcdAddUserManagement,TcdUpdateUserManagement,TcdDeleteUserManagement">
    <Item>TcdAddPlantContact</Item>
    <Item>TcdAddUserManagement</Item>
  </Group>
  <Group Value="TcdAddUtility,TcdUpdateUtility,TcdDeleteUtility">
    <Item>TcdAddUtility</Item>
  </Group>
  <Group Value="TcdAddWasherGroup,TcdUpdateWasherGroup,TcdDeleteWasherGroup,TcdUpdateMyServiceWasherGroup">
    <Item>TcdAddWasherGroup</Item>
  </Group>
  <Group Value="TcdAddWasherFormula,TcdUpdateWasherFormula,TcdDeleteWasherFormula,TcdAddWasherFormulaWashStep,TcdUpdateWasherFormulaWashStep,TcdDeleteWasherFormulaWashStep,TcdUpdateConvFormulaInjections">
    <Item>TcdAddController</Item>
    <Item>TcdAddWasherGroup</Item>
    <Item>TcdAddConventionaGeneral</Item>
    <Item>TcdAddPlantChemical</Item>
		<Item>TcdAddPlantFormula</Item>
		<Item>TcdUpdatePump</Item>
    <Item>TcdAddWasherFormula</Item>
  </Group>
  <Group Value="TcdAddTunnelFormula,TcdUpdateTunnelFormula,TcdDeleteTunnelFormula,TcdUpdateTunnelFormulaWashStep">
    <Item>TcdAddController</Item>
    <Item>TcdAddWasherGroup</Item>
    <Item>TcdAddTunnelGeneral</Item>
    <Item>TcdAddPlantChemical</Item>
		<Item>TcdAddPlantFormula</Item>
    <Item>TcdUpdatePump</Item>
    <Item>TcdAddTunnelFormula</Item>
  </Group>
  <Group Value="TcdAddConventionaGeneral,TcdUpdateConventionaGeneral,TcdDeleteConventionaGeneral">
    <Item>TcdAddController</Item>
    <Item>TcdAddWasherGroup</Item>
    <Item>TcdAddConventionaGeneral</Item>
  </Group>
  <Group Value="TcdAddTunnelGeneral,TcdUpdateTunnelGeneral,TcdSaveTunnnelCompartment,TcdDeleteTunnelGeneral">
    <Item>TcdAddController</Item>
    <Item>TcdAddWasherGroup</Item>
    <Item>TcdAddPlantChemical</Item>
    <Item>TcdUpdatePump</Item>
    <Item>TcdAddTunnelGeneral</Item>
  </Group>
  <Group Value="TcdUpdateUtilityFactor">
    <Item>TcdUpdateUtilityFactor</Item>
  </Group>
  <Group Value="TcdAddProductDeviation">
    <Item>TcdAddWasherGroup</Item>
    <Item>TcdAddController</Item>
    <Item>TcdAddConventionaGeneral</Item>
    <Item>TcdAddTunnelGeneral</Item>
    <Item>TcdAddProductDeviation</Item>
  </Group>
  <Group Value="TcdAddFlushTimesAndSetupTom">
    <Item>TcdAddWasherGroup</Item>
    <Item>TcdAddController</Item>
    <Item>TcdAddConventionaGeneral</Item>
    <Item>TcdAddTunnelGeneral</Item>
    <Item>TcdAddFlushTimesAndSetupTom</Item>
  </Group>
  <Group Value="TcdAddTunnelAnalogueDosingControl">
    <Item>TcdAddWasherGroup</Item>
    <Item>TcdAddController</Item>
    <Item>TcdAddTunnelGeneral</Item>
    <Item>TcdAddTunnelAnalogueDosingControl</Item>
  </Group>
	<Group Value="TcdCopyFormula,TcdSubstituteChemical,TcdMovePump">
		<Item>TcdAddController</Item>
		<Item>TcdAddControllerAdvanced</Item>
		<Item>TcdAddPlantChemical</Item>
		<Item>TcdAddPlantFormula</Item>
		<Item>TcdUpdatePump</Item>
		<Item>TcdAddWasherGroup</Item>
		<Item>TcdAddConventionaGeneral</Item>
		<Item>TcdAddTunnelGeneral</Item>
		<Item>TcdAddWasherFormula</Item>
		<Item>TcdAddTunnelFormula</Item>
	</Group>
  <Group Value="TcdAddAlarmStatus,TcdAddBatchEjectConditionStatus">
    <Item>TcdAddWasherGroup</Item>
    <Item>TcdAddController</Item>
    <Item>TcdAddConventionaGeneral</Item>
    <Item>TcdAddTunnelGeneral</Item>
    <Item>TcdAddAlarmStatus</Item>
    <Item>TcdAddBatchEjectConditionStatus</Item>
  </Group>
</Conduit>
