﻿<?xml version="1.0" encoding="utf-8" ?>
<ObjectRepository>
  <FeatureSet name="Chemical tab controls">
    <Element name="ChemicalsGridTable" type="HtmlControl">
      <xpath>.//*[@id='gridChemical']/div[3]/table</xpath>
    </Element>
    <Element name="ChemicalsGridHeaderTable" type="HtmlControl">
      <xpath>//*[@id="gridChemical"]/div[2]/div/table</xpath>
    </Element>
    <Element name="PlantSetUp" type="HtmlControl">
      <content>Plant Setup</content>
    </Element>
    <Element name="ControllerSetUp" type="HtmlControl">
      <content>Controller Setup</content>
    </Element>
	  <Element name="ChemicalsGridHeaderTable" type="HtmlControl">
		  <xpath>//*[@id="gridChemical"]/div[2]/div/table</xpath>
	  </Element>
	  <Element name="GeneralTabVerify" type="HtmlControl">
      <class>tab active</class>
    </Element>
    <Element name="PlantSetupSubMenu" type="HtmlControl">
      <a>//a[contains(text(),'PlantSetup')]</a>
    </Element>
    <Element name="SuccessValidationMessage" type="HtmlControl">
      <class>k-success-message</class>
    </Element>
    <Element name="GeneralTab" type="HtmlControl">
      <class>k-success-message</class>
    </Element>
    <Element name="UpdateSuccessMessage" type="HtmlControl">
      <xpath>//*[@id='errorDiv']/span</xpath>
    </Element>
	  <Element name="MeterSuccessMessage" type="HtmlControl">
		  <xpath>.//*[@id='errorDiv']/span</xpath>
	  </Element>
    <Element name="ChemicalCheckBox" type="HtmlControl">
      <xpath>//*[@id='gridChemical']/div[3]/table/tbody/tr[1]/td[8]/input</xpath>
    </Element>
    <Element name="ChemicalGridHeader" type="HtmlControl">
      <xpath>.//*[@id='gridChemical']/div[2]/div/table/thead/tr</xpath>
    </Element>
    <Element name="btnCancelChange" type="HtmlControl">
      <id>btnCancel1</id>
    </Element>
    <Element name="ddlWasherGroupFrom" type="HtmlSelect">
      <id>ddlWasherGroupFrom</id>
    </Element>
    <Element name="btnSaveSubstitute" type="HtmlButton">
      <id>btnSaveSubstituteChemical</id>
    </Element>
    <Element name="ddlChemicalThatReplaces" type="HtmlSelect">
      <id>ddlProduct</id>
    </Element>
  </FeatureSet>
  <FeatureSet name="ChemicalTab Inline Edit Controls">
    <Element name="chkboxIncludeCIinlineEdit" type="HtmlCheckbox">
      <name>IncludeinCI</name>
    </Element>
    <Element name="txtCostInlineEdit" type="HtmlInputText">
      <name>Cost</name>
    </Element>
  </FeatureSet>
  <FeatureSet name="ChemicalTab Add Controls">
    <Element name="txtNameSKUNumberAdd" type="HtmlInputText">
      <id>txtNameAdd</id>
    </Element>
    <Element name="txtCostAdd" type="HtmlInputText">
      <id>txtCostAdd</id>
    </Element>
    <Element name="txtCostEdit" type="HtmlInputText">
      <xpath>//*[@id='details-container']/div[4]/div[1]/input</xpath>
    </Element>
    <Element name="btnUpdateChemicalSave" type="HtmlInputText">
      <xpath>.//*[@id='details-container']//button/span[contains(text(),'Save')]</xpath>
    </Element>
    <Element name="chkIncludeinCIAdd" type="HtmlButton">
      <id>cbIncludeinCIAdd</id>
    </Element>
    <Element name="chkIncludeinCI" type="HtmlButton">
      <id>cbIncludeinCI</id>
    </Element>
    <Element name="btnUpdate" type="HtmlButton">
      <id>btnUpdate</id>
    </Element>
    <Element name="btnCancel" type="HtmlControl">
      <xpath>//*[@id='btnCancel']</xpath>
    </Element>        
    <Element name="btnUpdateYesButton" type="HtmlButton">
      <xpath>//*[@class='k-edit-buttons k-state-default']/button[1]</xpath>
    </Element>
  </FeatureSet>
  <FeatureSet name="ChemicalTab Edit Update PopUp Controls">
    <Element name="txtCostEdit" type="HtmlInputText">
      <id>txtCost</id>
    </Element>
    <Element name="chkIncludeinCIEdit" type="HtmlButton">
      <id>cbIncludeinCI</id>
    </Element>
    <Element name="btnEditSave" type="HtmlButton">
      <xpath>//span[contains(text(),'Save')]</xpath>
    </Element>
    <Element name="btnEditCancel" type="HtmlButton">
      <xpath>//button[contains(text(),'Cancel')]</xpath>
    </Element>
    <Element name="btnAddChemical" type="HtmlButton">
      <xpath>//span[contains(text(),'Add Chemical')]</xpath>
    </Element>
  </FeatureSet>
</ObjectRepository>
