﻿<?xml version="1.0" encoding="utf-8" ?>
<ObjectRepository>
  <FeatureSet name="TCD landing Page">
    <Element name="panelTopMainMenu" type="HtmlControl">
      <id>top-mainmenu-container</id>
    </Element>
	  <Element name="plantSetupTabMenu" type="HtmlControl">
		  <xpath>.//*[@id='tabs']/div/ul</xpath>
	  </Element>
	  <Element name="generalTabContainer" type="HtmlControl">
		  <xpath>.//*[@id='tabGeneralContainer']/ul</xpath>
	  </Element>
    <Element name="itemPlantSetup" type="HtmlControl">
      <content>Plant Setup</content>
    </Element>
    <Element name="targetProductionTab" type="HtmlControl">
      <id>tabTargetProd</id>
    </Element>
    <Element name="itemDispenserSetup" type="HtmlControl">
      <xpath>//*[@id='top-mainmenu-container']//a[@class='lnkController Setup']</xpath>
    </Element>
    <Element name="itemControllerSetup" type="HtmlControl">
      <xpath>//*[@id='top-mainmenu-container']//a[@class='lnkController Setup']</xpath>
    </Element>
    <Element name="itemWasherGroups" type="HtmlControl">
      <content>Washer Groups</content>
    </Element>
    <Element name="itemStorageTanks" type="HtmlControl">
      <content>Storage Tanks</content>
    </Element>
    <Element name="itemWashers" type="HtmlControl">
      <content>Washers</content>
    </Element>
    <Element name="itemDashboards" type="HtmlControl">
      <content>Dashboards</content>
    </Element>
    <Element name="itemProductionChart" type="HtmlControl">
      <content>Production Chart</content>
    </Element>
    <Element name="itemChemicalChart" type="HtmlControl">
      <content>Chemical Chart</content>
    </Element>
    <Element name="menuVisualizationTab" type="HtmlControl">
      <xpath>//span[contains(text(),'Visualizations')]</xpath>
    </Element>
    <Element name="MainMenubread" type="HtmlControl">
      <id>breadCrumbContainer</id>
    </Element>
    <Element name="spnWelcome" type="HtmlControl">
      <xpath>.//*[@id='topnav']/div/div/div[2]/ul[2]/li[2]/a</xpath>
    </Element>
    <Element name="lnkMyProfile" type="HtmlControl">
      <xpath>.//*[@id='lnkMyProfile']</xpath>
    </Element>
    <Element name="spnLogout" type="HtmlControl">
      <xpath>.//*[@id='logoutForm']/a/span[2]</xpath>
    </Element>
    <Element name="btnSaveNo" type="HtmlInputButton">
      <id>imbNo</id>
    </Element>
    <Element name="btnSaveYes" type="HtmlInputButton">
      <id>imbYes</id>
    </Element>    
    <Element name="btnSaveCancel" type="HtmlInputButton">
      <id>imbCancel</id>
    </Element>
    <Element name="btnSave" type="HtmlInputButton">
      <xpath>//span[contains(text(),'Save')]</xpath>
    </Element>
    <Element name="btnSaveOk" type="HtmlInputButton">
      <id>imbOk</id>
    </Element>
    <Element name="noButton" type="HtmlInputButton">
      <id>noButton</id>
    </Element>
    <Element name="yesButton" type="HtmlInputButton">
      <id>yesButton</id>
    </Element>
    <Element name="dialogMessage" type="HtmlControl">
      <xpath>//*[text()='Are you sure you want to delete record?']</xpath>
    </Element>
    <Element name="menuManualInputsTab" type="HtmlControl">
      <xpath>//span[contains(text(),'Manual Inputs')]</xpath>
    </Element>
  </FeatureSet>
</ObjectRepository>
