﻿<?xml version="1.0" encoding="utf-8" ?>
<ObjectRepository>
  <FeatureSet name="Controller Advanced Setup Allen Bradely">
    <Element name="txtFactorsMultiplierAB" type="KendoExtendedInput">
      <xpath>.//*[@id='fieldGroupTable_7']/div[1]/div[1]/div[2]/span[1]</xpath>
    </Element>
    <Element name="txtInjectionQuantityMultiplierAB" type="KendoExtendedInput">
      <xpath>.//*[@id='fieldGroupTable_7']/div[2]/div[1]/div[2]/span[1]</xpath>
    </Element>
    <Element name="txtMaxFormulaInjectionAB" type="KendoExtendedInput">
      <xpath>.//*[@id='fieldGroupTable_7']/div[3]/div[1]/div[2]/span[1]</xpath>
    </Element>
    <Element name="txtOZSecondMultiplierAB" type="KendoExtendedInput">
      <xpath>.//*[@id='fieldGroupTable_7']/div[1]/div[2]/div[2]/span[1]</xpath>
    </Element>
    <Element name="txtMaxWashFormulasAB" type="KendoExtendedInput">
      <xpath>.//*[@id='fieldGroupTable_7']/div[2]/div[2]/div[2]/span[1]</xpath>
    </Element>
    <Element name="txtMaxWashFormulasAB" type="KendoExtendedInput">
      <xpath>.//*[@id='fieldGroupTable_7']/div[2]/div[2]/div[2]/span[1]</xpath>
    </Element>
    <Element name="txtNumberOfChemicalValvesAB" type="KendoExtendedInput">
      <xpath>.//*[@id='fieldGroupTable_7']/div[3]/div[2]/div[2]/span[1]</xpath>
    </Element>
    <Element name="txtWebPortPasswordAB" type="HtmlInputText">
      <id>Input_Control_7_75</id>
    </Element>
    <Element name="txtWebPortIPAB" type="HtmlInputText">
      <id>Input_Control_7_73</id>
    </Element>
    <Element name="MaxFormulaInjections" type="KendoExtendedInput">
      <xpath>.//*[@id='fieldGroupTable_7']/div[3]/div[2]/span[1]</xpath>
    </Element>
    <Element name="txtWebPortLoginAB" type="HtmlInputText">
      <id>Input_Control_7_74</id>
    </Element>
    <Element name="lblControllerName" type="HtmlControl">
      <xpath>.//*[@id='frmControllerSetupDetails']/div[1]/div[1]/div[2]/label</xpath>
    </Element>
    <Element name="KendoDown" type="HtmlControl">
      <xpath>//*[@id='fieldGroupTable_7']/div[3]/div[2]/span[1]/span/span/span[2]</xpath>
    </Element>
    <Element name="txtPostFlushTimeAB" type="KendoExtendedInput">
      <xpath>.//*[@id='fieldGroupTable_7']/div[9]/div[2]/span[1]</xpath>
    </Element>
    <Element name="txtPostFlushTimeToUpadteAB" type="KendoExtendedInput">
      <xpath>.//*[@id='fieldGroupTable_7']/div[9]/div[2]/span[1]</xpath>
    </Element>
  </FeatureSet>
  <FeatureSet name="Controller Advanced Setup Beckhoff">
    <Element name="txtMaxWashFormulasBEC" type="KendoExtendedInput">
      <xpath>.//*[@id='fieldGroupTable_8']/div[2]/div[2]/div[2]/span[1]</xpath>
    </Element>
    <Element name="txtMaxFormulaInjectionBEC" type="KendoExtendedInput">
      <xpath>.//*[@id='fieldGroupTable_8']/div[3]/div[1]/div[2]/span[1]</xpath>
    </Element>
    <Element name="txtNumberOfChemicalValvesBEC" type="KendoExtendedInput">
      <xpath>.//*[@id='fieldGroupTable_8']/div[3]/div[2]/div[2]/span[1]</xpath>
    </Element>
    <Element name="txtWebPortPasswordBEC" type="HtmlInputText">
      <id>Input_Control_8_65</id>
    </Element>
    <Element name="txtWebPortIPBEC" type="HtmlInputText">
      <id>Input_Control_8_63</id>
    </Element>
    <Element name="txtWebPortLoginBEC" type="HtmlInputText">
      <id>Input_Control_8_64</id>
    </Element>
    <Element name="txtMaxWashFormulasTag" type="HtmlInputText">
      <id>Tag_Input_Control_10_59</id>
    </Element>
    <Element name="txtMaxFormulaInjectionsTag" type="HtmlInputText">
      <id>Tag_Input_Control_10_60</id>
    </Element>
    <Element name="txtNumberOfChemicalValvesTag" type="HtmlInputText">
      <id>Tag_Input_Control_10_61</id>
    </Element>
    <Element name="txtPreflushTimeTag" type="HtmlInputText">
      <id>Tag_Input_Control_10_27</id>
    </Element>
    <Element name="txtPostFlushTimeTag" type="HtmlInputText">
      <id>Tag_Input_Control_10_30</id>
    </Element>
    <Element name="txtLinkIntegrityAddressTag" type="HtmlInputText">
      <id>Tag_Input_Control_10_98</id>
    </Element>
    <Element name="txtNameLinkTag" type="HtmlInputText">
      <id>Tag_Input_Control_10_99</id>
    </Element>
    <Element name="txtAutomaticWeightEnabledTag" type="HtmlInputText">
      <id>Tag_Input_Control_10_100</id>
    </Element>
    <Element name="txtRatioDosingEnabledTag" type="HtmlInputText">
      <id>Tag_Input_Control_10_101</id>
    </Element>
    <Element name="btnSave" type="HtmlControl">
      <id>btnSave</id>
    </Element>
	  <Element name="btnCancel" type="HtmlControl">
		  <id>btnCancel</id>
	  </Element>
    <Element name="txtPostFlushTime" type="KendoExtendedInput">
      <xpath>//label[contains(text(),'Postflush Time(sec)')]/parent::*/following-sibling::div/span/span/input[2]</xpath>
    </Element>
    <Element name="txtPostFlushTimeToUpadte" type="KendoExtendedInput">
      <xpath>.//*[@id='contentControllerParameters']/form/div[2]/div[9]/div[2]/span[1]</xpath>
    </Element>
    <Element name="SetPLCTime" type="HtmlControl">
      <xpath>//label[contains(text(),'Set PLC Time')]/parent::*/following-sibling::div/input</xpath>
    </Element>
	  <Element name="USetPLCTime" type="HtmlControl">
		  <id>Input_Control_7_80</id>
	  </Element>
	  <Element name="UBSetPLCTime" type="HtmlControl">
		  <id>Input_Control_8_91</id>
	  </Element>
	  <Element name="ESSetPLCTime" type="HtmlControl">
		  <id>Input_Control_10_91</id>
	  </Element>
    <Element name="EnableConnexx" type="HtmlControl">
      <xpath>.//*[@id='frmControllerDynamicDetails']/div[1]/div[1]/div[1]/div[2]/input</xpath>
    </Element>
    <Element name="LFSInjection" type="KendoExtendedInput">
      <xpath>.//*[@id='fieldGroupTable_8']/div[20]/div[2]/span[1]</xpath>
    </Element>
    <Element name="txtLFSInjection" type="KendoExtendedInput">
      <xpath>.//*[@id='fieldGroupTable_8']/div[20]/div[2]/span[1]/span/input[2]</xpath>
    </Element>
    <Element name="LFSInjectionYesButton" type="HtmlInputButton">
      <id>imbYes</id>
    </Element>
    <Element name="txtMaxWashFormulas" type="HtmlInputButton">
      <xpath>//label[contains(text(),'Max Wash Formulas :')]/parent::*/following-sibling::div//span/input[1]</xpath>
    </Element>
    <Element name="txtMaxFormulaInjections" type="HtmlInputButton">
      <xpath>//label[contains(text(),'Max Formula Injections :')]/parent::*/following-sibling::div//span/input[1]</xpath>
    </Element>
    <Element name="txtNoOfChemicalValves" type="HtmlInputButton">
      <xpath>//label[contains(text(),'No. of Chemical Valves :')]/parent::*/following-sibling::div//span/input[1]</xpath>
    </Element>
    <Element name="txtLFSInjectionClasses" type="HtmlInputButton">
      <xpath>//label[contains(text(),'LFS Injection Classes :')]/parent::*/following-sibling::div//span/input[1]</xpath>
    </Element>
    <Element name="HysteresisonConnexx1" type="HtmlInputButton">
      <xpath>.//*[@id='Input_Control_19_216']/preceding-sibling::input</xpath>
    </Element>
    <Element name="HysteresisonConnexxPlcXl" type="HtmlInputButton">
      <xpath>//label[contains(text(),'Hysteresis on Connexx level :')]/parent::*/following-sibling::div//span/input[1]</xpath>
    </Element>
    <Element name="ConnexxAlarmdelay1" type="HtmlInputButton">      
      <xpath>.//*[@id='Input_Control_19_215']/preceding-sibling::input</xpath>
    </Element>
    <Element name="ConnexxAlarmdelayPlcXl" type="HtmlInputButton">
      <xpath>//label[contains(text(),'Connexx Alarm delay :')]/parent::*/following-sibling::div//span/input[1]</xpath>
    </Element>
    <Element name="HysteresisonConnexx1Msg" type="HtmlInputButton">
      <xpath>(//span[contains(text(),'Hysteresis on Connexx level is required')])[1]</xpath>
    </Element>
    <Element name="ConnexxAlarmdelay1Msg" type="HtmlInputButton">
      <xpath>(//span[contains(text(),'Connexx Alarm delay is required')])[1]</xpath>
    </Element>
    <Element name="txtEnvisionTimeout" type="HtmlInputButton">
      <xpath>//label[contains(text(),'enVision Timeout Alarm')]/parent::*/following-sibling::div//span/input[1]</xpath>
    </Element>
    <Element name="txtStopTimeDubix" type="HtmlInputButton">
      <xpath>//label[contains(text(),'Stop Time Dubix')]/parent::*/following-sibling::div//span/input[1]</xpath>
    </Element>
    <Element name="txtAlarmReset" type="HtmlInputButton">
      <xpath>//label[contains(text(),'Alarm Reset Time')]/parent::*/following-sibling::div//span/input[1]</xpath>
    </Element>
    <Element name="txtExtraFlushMe1" type="HtmlInputButton">
      <xpath>//label[contains(text(),'External extra flush time ME1')]/parent::*/following-sibling::div//span/input[1]</xpath>
    </Element>
    <Element name="txtExtraFlushMe2" type="HtmlInputButton">
      <xpath>//label[contains(text(),'External extra flush time ME2')]/parent::*/following-sibling::div//span/input[1]</xpath>
    </Element>
    <Element name="EnvisionTimeoutMsg" type="HtmlInputButton">
      <xpath>(//span[contains(text(),'enVision Timeout Alarm is required')])[1]</xpath>
    </Element>
    <Element name="StopTimeMsg" type="HtmlInputButton">
      <xpath>(//span[contains(text(),'Stop Time Dubix is required')])[1]</xpath>
    </Element>
    <Element name="AlarmResetMsg" type="HtmlInputButton">
      <xpath>//span[contains(text(),'Alarm Reset Time is required')]</xpath>
    </Element>
    <Element name="extraflush1Msg" type="HtmlInputButton">
      <xpath>(//span[contains(text(),'External extra flush time ME1  is required')])[1]</xpath>
    </Element>
    <Element name="extraflush2Msg" type="HtmlInputButton">
      <xpath>//span[contains(text(),'External extra flush time ME2 is required')]</xpath>
    </Element>



    <Element name="txtMaxFormulas" type="HtmlInputButton">
      <xpath>//label[contains(text(),'Max Wash Formulas')]/parent::*/following-sibling::div//span/input[1]</xpath>
    </Element>
    <Element name="txtMaxInjections" type="HtmlInputButton">
      <xpath>///label[contains(text(),'Max Formula Injections')]/parent::*/following-sibling::div//span/input[1]</xpath>
    </Element>
    <Element name="txtChemicalvalves" type="HtmlInputButton">
      <xpath>//label[contains(text(),'No. of Chemical Valves')]/parent::*/following-sibling::div//span/input[1]</xpath>
    </Element>
    <Element name="txtpreflushTime" type="HtmlInputButton">
      <xpath>//label[contains(text(),'Preflush Time(sec)')]/parent::*/following-sibling::div//span/input[1]</xpath>
    </Element>
    <Element name="txtpostflushTime" type="HtmlInputButton">
      <xpath>//label[contains(text(),'Postflush Time(sec)')]/parent::*/following-sibling::div//span/input[1]</xpath>
    </Element>
    <Element name="txtInjectionClasses" type="HtmlInputButton">
      <xpath>//label[contains(text(),'LFS Injection Classes')]/parent::*/following-sibling::div//span/input[1]</xpath>
    </Element>
  </FeatureSet>
</ObjectRepository>