﻿<?xml version="1.0" encoding="utf-8" ?>
<ObjectRepository>
  <FeatureSet name="Controller Setup">
    <Element name="btnAddController" type="HtmlControl">
      <xpath>.//*[@id='tabControllersListContainer']/div/div[1]/a</xpath>
    </Element>
    <Element name="ControllerTabGridTable" type="HtmlControl">
      <xpath>//*[@id='gridControllerSetupList']/div[3]/table</xpath>
    </Element>
    <Element name="controllerListPageCalender" type="KendoCalendar">
      <xpath>html/body/div[2]/div/div</xpath>
    </Element>
    <Element name="tabControllersList" type="HtmlControl">
      <id>tabControllersList</id>
    </Element>
    <Element name="tabGeneral" type="HtmlControl">
      <id>tabGeneral</id>
    </Element>
    <Element name="SuccessMessage" type="HtmlControl">
      <id>errorDiv_msg</id>
    </Element>
    <Element name="tabAdvanced" type="HtmlControl">
      <id>tabAdvanced</id>
    </Element>
    <Element name="txtABSerialNumberUpdate" type="HtmlInputText">
      <id>Input_Control_5_13</id>
    </Element>
    <Element name="txtAMSNetIDAddress" type="HtmlInputText">
      <xpath>.//*[@validationmessage='AMS Net ID Address is required']</xpath>
    </Element>
    <Element name="txtDispVersion" type="HtmlInputText">
      <xpath>.//*[@validationmessage='Controller Version is required']</xpath>
    </Element>
    <Element name="ActiveCheckBox" type="HtmlControl">
      <id>Input_Control_11_105</id>
    </Element>
    <Element name="GeneralActiveCheckBox" type="HtmlControl">
      <xpath>//*[@id='frmControllerDynamicDetails']/div/div[2]/div[2]/div[2]/input</xpath>
    </Element>
    <Element name="tabPumpList" type="HtmlControl">
      <id>tabPumpList</id>
    </Element>
    <Element name="tabTagManagement" type="HtmlControl">
      <id>tabTagManagement</id>
    </Element>
    <Element name="lblTagManagement" type="HtmlControl">
      <xpath>.//*[@id='tabs']/div/div/div[4]/div/div/div[1]/div[1]/label</xpath>
    </Element>
    <Element name="tabDevices" type="HtmlControl">
      <xpath>.//*[@id='tabs']/div/ul/li[3]</xpath>
    </Element>
    <Element name="WebportFtpEnabled" type="HtmlControl">
      <id>Input_Control_5_72</id>
    </Element>
    <Element name="ddlControllerModel" type="HtmlSelect">
      <id>ddlControllerModel</id>
    </Element>
    <Element name="ddlProductName" type="HtmlSelect">
      <id>ddlProducts</id>
    </Element>
    <Element name="ddlControllerType" type="HtmlSelect">
      <id>ddlControllerType</id>
    </Element>
    <Element name="txtSerialNumber" type="HtmlInputText">
      <xpath>.//*[@id='frmControllerDynamicDetails']/div/div[5]/div[1]/div[2]/input</xpath>
    </Element>
    <Element name="txtABDispenserNameUpdate" type="HtmlInputText">
      <xpath>//*[@id='frmControllerDynamicDetails']/div/div[1]/div[1]/div[2]/input</xpath>
    </Element>
    <Element name="txtDispenserNameBeckhoffUpdate" type="HtmlInputText">
      <xpath>//*[@id='contentControllerParameters']/form/div/div[1]/div[1]/div[2]/input</xpath>
    </Element>
    <Element name="txtSerialNumberUpdateBeckhoff" type="HtmlInputText">
      <xpath>//*[@id='contentControllerParameters']/form/div/div[4]/div[2]/div[2]/input</xpath>
    </Element>
    <Element name="btnSave" type="HtmlButton">
      <id>btnSave</id>
    </Element>
    <Element name="btnSaveAndClose" type="HtmlButton">
      <id>btnSaveAndClose</id>
    </Element>
    <Element name="btnCancel" type="HtmlButton">
      <id>btnCancel</id>
    </Element>
    <Element name="btnNextPage" type="HtmlControl">
      <xpath>.//*[@id='gridControllerSetupList']/div[4]/a[3]/span</xpath>
    </Element>
    <Element name="controllerAddMessage" type="HtmlControl">
      <id>errorDiv_msg</id>
    </Element>
    <Element name="Active" type="HtmlControl">
      <xpath>//*[@id='contentControllerParameters']/form/div/div[5]/div/div[2]/input</xpath>
    </Element>
    <Element name="controllerListMessage" type="HtmlControl">
      <id>controllerErrorDiv</id>
    </Element>
    <Element name="backtoContollers" type="HtmlInputText">
      <xpath>.//*[@id='bckbutton']/span[2]</xpath>
    </Element>
    <Element name="txtOPCServerUltraxAB" type="HtmlInputText">
      <id>Input_Control_5_11</id>
    </Element>
    <Element name="txtControllerNumberUltraxAB" type="KendoExtendedInput">
      <xpath>.//*[@id='fieldGroupTable_5']/div[2]/div[1]/div[2]/span[1]</xpath>
    </Element>
    <Element name="txtIPAddressAB" type="HtmlInputText">
      <id>Input_Control_5_22</id>
    </Element>
    <Element name="txtControllerVersionUltraxAB" type="HtmlSelect">
      <id>Input_Control_5_16</id>
    </Element>
    <Element name="txtComPortNumberUltraxAB" type="KendoExtendedInput">
      <xpath>.//*[@id='fieldGroupTable_5']/div[5]/div[1]/div[2]/span[1]</xpath>
    </Element>
    <Element name="txtPreflushTimeUltraxAB" type="KendoExtendedInput">
      <xpath>.//*[@id='fieldGroupTable_5']/div[1]/div[2]/div[2]/span[1]</xpath>
    </Element>
    <Element name="txtOPCObjectUltraxAB" type="HtmlInputText">
      <id>Input_Control_5_14</id>
    </Element>
    <Element name="txtPostflushUltraxAB" type="KendoExtendedInput">
      <xpath>.//*[@id='fieldGroupTable_5']/div[3]/div[2]/div[2]/span[1]</xpath>
    </Element>
    <Element name="txtDDEDriverUltraxAB" type="HtmlInputText">
      <id>Input_Control_5_17</id>
    </Element>
    <Element name="txtAMSNetIDAddressUltraxBEC" type="HtmlInputText">
      <xpath>.//*[@id='frmControllerDynamicDetails']/div/div[3]/div[1]/div[2]/input</xpath>
    </Element>
    <Element name="txtAMSNetIDAddressUltraxBECToAdd" type="HtmlInputText">
      <id>Input_Control_6_21</id>
    </Element>
    <Element name="myControlActive" type="HtmlInputCheckBox">
      <id>Input_Control_4_53</id>
    </Element>
    <Element name="txtControllerNumberUltraxBEC" type="KendoExtendedInput">
      <xpath>.//*[@id='fieldGroupTable_6']/div[2]/div[1]/div[2]/span[1]</xpath>
    </Element>
    <Element name="txtUltraxBeckDispenserNumber" type="HtmlInputText">
      <xpath>.//*[@validationmessage='Controller Number is required']</xpath>
    </Element>
    <Element name="txtmyControlName" type="HtmlInputText">
      <xpath>.//*[@validationmessage='Controller Name is required']</xpath>
    </Element>
    <Element name="txtmyControlSerialNumber" type="HtmlInputText">
      <xpath>.//*[@validationmessage='SerialNumber is required']</xpath>
    </Element>
    <Element name="txtPreflushTimeUltraxBEC" type="KendoExtendedInput">
      <xpath>.//*[@id='fieldGroupTable_6']/div[1]/div[2]/div[2]/span[1]</xpath>
    </Element>
    <Element name="txtPostflushTimeUltraxBEC" type="KendoExtendedInput">
      <xpath>.//*[@id='fieldGroupTable_6']/div[2]/div[2]/div[2]/span[1]</xpath>
    </Element>
    <Element name="txtAMSNetIDmyControlBEC" type="HtmlInputText">
      <xpath>.//*[@id='Input_Control_4_21']</xpath>
    </Element>
    <Element name="txtControllerNumbermyControlBEC" type="KendoExtendedInput">
      <xpath>.//*[@id='fieldGroupTable_4']/div[1]/div[1]/div[2]/span[1]</xpath>
    </Element>
    <Element name="txtBECDispenserName" type="HtmlInputText">
      <xpath>.//*[@id='Input_Control_6_78']</xpath>
    </Element>
    <Element name="txtBECDispenserSerialNumber" type="HtmlInputText">
      <xpath>.//*[@id='Input_Control_6_79']</xpath>
    </Element>
    <Element name="txtABDispenserName" type="HtmlInputText">
      <xpath>.//*[@id='Input_Control_5_76']</xpath>
    </Element>
    <Element name="txtABDispenserSerialNumber" type="HtmlInputText">
      <xpath>.//*[@id='Input_Control_5_77']</xpath>
    </Element>
    <Element name="txtSerialNumberForPumps" type="HtmlInputText">
      <id>Input_Control_11_115</id>
    </Element>
    <Element name="txtSerialNumber1" type="HtmlInputText">
      <xpath>.//*[@id='frmControllerDynamicDetails']/div/div[4]/div[2]/div[2]/input</xpath>
    </Element>
    <Element name="ActiveUXBeck" type="HtmlInputCheckBox">
      <id>Input_Control_6_33</id>
    </Element>
    <Element name="ChkAWEADispenser" type="HtmlInputCheckBox">
      <xpath>//label[contains(text(),'Automatic Weight Enabled')]/parent::*/following-sibling::div[1]/input</xpath>
    </Element>
    <Element name="ChkRatioDosingDisp" type="HtmlInputCheckBox">
      <xpath>//label[contains(text(),'Ratio Dosing Enabled')]/parent::*/following-sibling::div[1]/input</xpath>
    </Element>
    <Element name="txtESDispenserName" type="HtmlInputText">
      <xpath>.//*[@id='Input_Control_9_78']</xpath>
    </Element>
    <Element name="txtESDispenserNumber" type="HtmlInputText">
      <xpath>.//*[@id='Input_Control_9_28']</xpath>
    </Element>
    <Element name="txtESSerialNumber" type="HtmlInputText">
      <xpath>.//*[@id='Input_Control_9_79']</xpath>
    </Element>
    <Element name="checkESActive" type="HtmlInputCheckBox">
      <xpath>.//*[@id='Input_Control_9_33']</xpath>
    </Element>
    <Element name="txtAMSNetIDAddress" type="HtmlInputText">
      <xpath>.//*[@validationmessage='AMS Net ID Address is required']</xpath>
    </Element>
    <Element name="txtDispenserName" type="HtmlInputText">
      <xpath>//span[contains(text(),'Name')]/parent::*/parent::*/following-sibling::*/input</xpath>
    </Element>
    <Element name="txtControllerName" type="HtmlInputText">
      <xpath>//span[contains(text(),'Controller Name')]/parent::*/parent::*/following-sibling::*/input</xpath>
    </Element>
    <Element name="txtDispenserNumber" type="HtmlInputText">
      <xpath>//span[contains(text(),'Number')]/parent::*/parent::*/following-sibling::*/input</xpath>
    </Element>
    <Element name="spanSelect" type="HtmlInputText">
      <xpath>//span[contains(text(),'Select')]</xpath>
    </Element>
    <Element name="chkActive" type="HtmlInputText">
      <xpath>//span[contains(text(),'Active')]/parent::*/parent::*/following-sibling::*/input</xpath>
    </Element>
    <Element name="txtIpAddress" type="HtmlInputText">
      <xpath>//span[contains(text(),'IP Address')]/parent::*/parent::*/following-sibling::*/input</xpath>
    </Element>
    <Element name="txtAMSNetIdAddress" type="HtmlInputText">
      <xpath>//span[contains(text(),'AMS Net ID Address')]/parent::*/parent::*/following-sibling::*/input</xpath>
    </Element>
    <Element name="LeftpanelDispenser" type="HtmlInputText">
      <xpath>//*[@id='leftnav-holder']/ul/li[2]</xpath>
    </Element>
    <Element name="LeftpanelWashergroups" type="HtmlInputText">
      <xpath>//*[@id="leftnav-holder"]/ul/li[3]</xpath>
    </Element>
    <Element name="Leftpanelwashers" type="HtmlInputText">
      <xpath>//*[@id="leftnav-holder"]/ul/li[4]</xpath>
    </Element>
    <Element name="Leftpanelstoragetanks" type="HtmlInputText">
      <xpath>//*[@id="leftnav-holder"]/ul/li[5]</xpath>
    </Element>
    <Element name="ErrordispMsg" type="HtmlInputText">
      <xpath>//span[contains(text(),'Controller Name is required')]</xpath>
    </Element>
    <Element name="ErrordispMsgForPlcxl" type="HtmlInputText">
      <xpath>//span[contains(text(),'ControllerName is required')]</xpath>
    </Element>
    <Element name="ErrordispMsgForUltrax" type="HtmlInputText">
      <xpath>//span[contains(text(),'Dispenser Name is required')]</xpath>
    </Element>
    <Element name="ErrordispnumbMsg" type="HtmlInputText">
      <xpath>//span[contains(text(),'Controller Number is required')]</xpath>
    </Element>
    <Element name="ErrorAmsIdMsg" type="HtmlInputText">
      <xpath>//span[contains(text(),'AMS Net ID Address is required')]</xpath>
    </Element>
    <Element name="ErrorSeriNoMsg" type="HtmlInputText">
      <xpath>//span[contains(text(),'SerialNumber is required')]</xpath>
    </Element>
    <Element name="ErrorIpMsg" type="HtmlInputText">
      <xpath>//span[contains(text(),'IP Address is required')]</xpath>
    </Element>
    <Element name="ErrorDispVersionMsg" type="HtmlInputText">
      <xpath>//span[contains(text(),'Controller Version is required')]</xpath>
    </Element>
    <Element name="txtFactorMultiplier" type="HtmlInputText">
      <id>Input_Control_5_66</id>
    </Element>
    <Element name="txtOzmultiplier" type="HtmlInputText">
      <id>Input_Control_5_67</id>
    </Element>
    <Element name="txtinjectionqualitymultiplier" type="HtmlInputText">
      <id>Input_Control_5_68</id>
    </Element>    
    <Element name="ErrorOpcServerMsg" type="HtmlInputText">
      <xpath>//span[contains(text(),'OPC Server is required')]</xpath>
    </Element>
    <Element name="ErrorFactormultiplierMsg" type="HtmlInputText">
      <xpath>//span[contains(text(),'Factors Multiplier is required')]</xpath>
    </Element>
    <Element name="ErrorozmultiplierrMsg" type="HtmlInputText">
      <xpath>//span[contains(text(),'OZ/Second Multiplier is required')]</xpath>
    </Element>
    <Element name="ErrorinjqtymultiplierMsg" type="HtmlInputText">
      <xpath>//span[contains(text(),'Injection Quantity Multiplier is required')]</xpath>
    </Element>
  </FeatureSet>
</ObjectRepository>
