﻿<?xml version="1.0" encoding="utf-8" ?>
<ObjectRepository>
  <FeatureSet name="PopUP Contacts Tab Controls">
    <Element name="tabContacts" type="HtmlControl">
      <id>tabContacts</id>
    </Element>
    <Element name="ContactKGridDiv" type="HtmlControl">
      <class>k-grid-content</class>
    </Element>
    <Element name="ContactTabGridTable" type="HtmlControl">
      <xpath>.//*[@id='gridContact']/div[3]/table</xpath>
    </Element>
    <Element name="PopUpAddContacts" type="HtmlInputButton">
      <id>details-container</id>
    </Element>
    <Element name="txtTitle" type="HtmlSelect">
      <xpath>.//*[@id='ddlContactTitle']</xpath>
    </Element>
    <Element name="txtFirstName" type="HtmlInputText">
      <xpath>.//*[@id='ContactFirstName']</xpath>
    </Element>
    <Element name="txtLastName" type="HtmlInputText">
      <xpath>//input[@name='Last Name']</xpath>
    </Element>
    <Element name="selectPostion" type="HtmlSelect">
      <id>ddlPosition</id>
    </Element>
    <Element name="ddlUpdateTitle" type="HtmlSelect">
      <id>ddlContactTitleEdit</id>
    </Element>
    <Element name="txtUpdateFaxNumber" type="HtmlInputText">
      <id>txtContactFaxNumber</id>
    </Element>
    <Element name="txtOfficePhone" type="HtmlInputText">
      <id>ContactOfficePhone_8</id>
    </Element>
    <Element name="btnUpdateSave" type="HtmlInputText">
      <xpath>.//*[@id='details-container']/div[18]/button[1]</xpath>
    </Element>
    <Element name="selectPostionNew" type="HtmlSelect">
      <id>ddlPositionNew</id>
    </Element>
    <Element name="txtEmail" type="HtmlInputText">
      <xpath>.//input[@id='ConatctEmailAddress']</xpath>
    </Element>
    <Element name="txtEmailToAdd" type="HtmlInputText">
      <id>ConatctEmailAddress</id>
    </Element>
    <Element name="TxtOfficePhoneAdd" type="HtmlInputText">
      <xpath>.//*[@id='ContactOfficePhone']</xpath>
    </Element>
    <Element name="txtMobilePhone" type="HtmlInputText">
      <xpath>.//*[@id='ContactMobilePhone']</xpath>
    </Element>
    <Element name="txtFaxNumber" type="HtmlInputText">
      <xpath>.//*[@id='ContactFaxNumber']</xpath>
    </Element>
    <Element name="btnCancelContacts" type="HtmlInputButton">
      <id>btnCancel</id>
    </Element>
    <Element name="btnCancel" type="HtmlControl">
      <id>btnCancel</id>
    </Element>
    <Element name="PageCancel" type="HtmlControl">
      <xpath>//*[@id='btnContainer']/div[2]/button[1]</xpath>
    </Element>
    <Element name="ddlEditPosition" type="HtmlControl">
      <xpath>//*[@id='gridContact']/div[3]/table/tbody/tr/td[3]/span/span/span/span</xpath>
    </Element>
    <Element name="OfficeNumberEdit" type="HtmlControl">
      <xpath>//*[@id='gridContact']/div[3]/table/tbody/tr/td[4]/input</xpath>
    </Element>
    <Element name="btnUpdateCancel" type="HtmlControl">
      <xpath>//*[@id='details-container']/div[18]/button[2]</xpath>
    </Element>
    <Element name="btnSaveContacts" type="HtmlInputButton">
      <id>btnUpdate</id>
    </Element>
    <Element name="btnAddContacts" type="HtmlControl">
      <xpath>//*[@data-localize='FIELD_ADDCONTACT']</xpath>
    </Element>
    <Element name="lblSaveMessage" type="HtmlInputButton">
      <xpath>//label[contains(text(),'Contact Added Successfully')]</xpath>
    </Element>
    <Element name="SuccessValidationMessage" type="HtmlControl">
      <class>k-success-message</class>
    </Element>
    <Element name="ErrorMsg" type="HtmlControl">
      <id>errorDiv</id>
    </Element>
    <Element name="VerifyMessages" type="HtmlControl">
      <id>tabContactsContainer</id>
    </Element>
  </FeatureSet>
  <FeatureSet name="Update Edit Contacts">
    <Element name="btnUpdateSave" type="HtmlButton">
      <xpath>//span[contains(text(),'Save')]</xpath>
    </Element>
    <Element name="txtTitleUpdate" type="HtmlSelect">
      <id>ddlContactTitleEdit</id>
    </Element>
    <Element name="txtFirstNameUpdate" type="HtmlControl">
      <id>txtContactFirstName</id>
    </Element>
    <Element name="txtLastNameUpdate" type="HtmlControl">
      <id>txtContactLastName</id>
    </Element>
    <Element name="selectPositionUpdate" type="HtmlSelect">
      <id>ddlPosition</id>
    </Element>
    <Element name="txtEmailAddressUpdate" type="HtmlControl">
      <id>txtContactEmailAdresss</id>
    </Element>
    <Element name="txtOfficePhoneUpdate" type="HtmlControl">
      <id>txtContactOfficePhone</id>
    </Element>
    <Element name="txtMobilePhoneUpdate" type="HtmlControl">
      <id>txtContactMobilePhone</id>
    </Element>
    <Element name="txtFaxUpdate" type="HtmlControl">
      <id>txtContactFaxNumber</id>
    </Element>

    <Element name="txtEmailAddressEdit" type="HtmlControl">
      <name>ContactEmailAdresss</name>
    </Element>
    <Element name="txtOfficePhoneEdit" type="HtmlControl">
      <name>ContactOfficePhone</name>
    </Element>
    <Element name="txtMobilePhoneEdit" type="HtmlControl">
      <name>ContactMobilePhone</name>
    </Element>
    <Element name="txtFaxEdit" type="HtmlControl">
      <name>ContactFaxNumber</name>
    </Element>
    <Element name="txtTitleEdit" type="HtmlControl">
      <name>ContactTitle</name>
    </Element>
    <Element name="txtFirstNameEdit" type="HtmlControl">
      <name>ContactFirstName</name>
    </Element>
    <Element name="txtLastNameEdit" type="HtmlControl">
      <name>ContactLastName</name>
    </Element>
    <Element name="selectPositionEdit" type="HtmlSelect">
      <xpath>//input[@role='combobox']</xpath>
    </Element>
    <Element name="selectPositionEditUpdate" type="HtmlSelect">
      <class>k-input</class>
    </Element>
    <Element name="selectPositionTabEdit" type="HtmlControl">
      <xpath>//span[contains(text(),'select')]</xpath>
    </Element>

  </FeatureSet>
  <FeatureSet name="Contact Grid Details">
    <Element name="btnAddContact" type="HtmlControl">
      <xpath>//*[@id='tabContactsContainer']/div/div[1]/a</xpath>
    </Element>
    <Element name="ContactsTableGridRow" type="HtmlControl">
      <xpath>.//*[@id='gridContact']/div[3]/table/tbody</xpath>
    </Element>
    <Element name="tabContacts" type="HtmlControl">
      <id>tabContacts</id>
    </Element>
    <Element name="ContactKGridDiv" type="HtmlControl">
      <class>k-grid-content</class>
    </Element>
  </FeatureSet>
</ObjectRepository>
