﻿<?xml version="1.0" encoding="utf-8" ?>
<ObjectRepository>
  <FeatureSet>
    <Element name="btnAddDashboard" type="HtmlControl">
      <id>btnAddMonitor</id>
    </Element>
    <Element name="HomePageVerification" type="HtmlControl">
      <xpath>.//*[@id='topnav']/div/div/div[1]/a/img[1]</xpath>
    </Element>
    <Element name="HomePageOverview" type="HtmlControl">
      <xpath>.//*[@id='pageContainer']/div/h3/span[1]</xpath>
    </Element>

    <Element name="btnCancel" type="HtmlButton">
      <id>btnCancelMonitorSetup</id>
    </Element>
    <Element name="btnSaveDashboard" type="HtmlControl">
      <id>btnUpdate</id>
    </Element>
	  <Element name="btnSave" type="HtmlControl">
		  <id>btnSave</id>
	  </Element>
    <Element name="itemDashboards" type="HtmlControl">
      <content>Dashboards</content>
    </Element>
    <Element name="btnOuterSave" type="HtmlControl">
      <id>btnSaveSlideDuration</id>
    </Element>
    <Element name="txtDashboardName" type="HtmlControl">
      <id>txtDashboardName</id>
    </Element>
    <Element name="ddlDashboardType" type="HtmlSelect">
      <id>ddlDashboardType</id>
    </Element>
    <Element name="ddlMachineName" type="HtmlControl">
      <xpath>.//*[@id='details-container']/div[6]/div/button</xpath>
    </Element>
    <Element name="Machine" type="HtmlControl">
      <xpath>.//*[@id='details-container']/div[6]/div/ul/li[1]/a/label</xpath>
    </Element>
    <Element name="ddlMonitorName" type="HtmlSelect">
      <xpath>.//*[@id='monitorsDiv']/div/button</xpath>
    </Element>
    <Element name="txtTimeScaleDuration" type="HtmlControl">
      <id>txtTimelineHours</id>
    </Element>
    <Element name="SaveSuccessMsg" type="HtmlControl">
      <xpath>.//*[@id='MonitorSetupErrorMsgDiv']/label</xpath>
    </Element>
    <Element name="DashboardsTableGrid" type="HtmlControl">
      <id>tblMonitorSetUp</id>
    </Element>
    <Element name="DashboardsMessage" type="HtmlControl">
      <xpath>.//*[@id='frmDashboards']//label</xpath>
    </Element>
    <Element name="DashboardsBreadCrumb" type="HtmlControl">
      <xpath>.//*[@id='breadCrumbContainer']/li[2]</xpath>
    </Element>
	  <Element name="tabDashboardSetup" type="HtmlControl">
		  <id>tabMonitorSetup</id>
	  </Element>
	
  </FeatureSet>
</ObjectRepository>  
    