﻿<?xml version="1.0" encoding="utf-8" ?>
<ObjectRepository>
  <FeatureSet name="Formulas Tab Page">    
    <Element name="tabFormulas" type="HtmlControl">
      <id>tabFormula</id>
    </Element>
    <Element name="btnAddFormulas" type="HtmlControl">
      <xpath>.//span[contains(text(),'Add Formula')]</xpath>            
    </Element>
    <Element name="txtFormulaNameAdd" type="HtmlControl">
      <id>txtPlantformulaName</id>
    </Element>
    <Element name="btnViewInjections" type="HtmlControl">
      <xpath>.//div[@id='viewProduct_1']//span</xpath>
    </Element>
    <Element name="ddlWasherNameFormula" type="HtmlSelect">
      <id>ddlWasherNameFormula</id>
    </Element>
    <Element name="ViewInjectionsForPLC" type="HtmlControl">
      <xpath>.//*[@id='ulProductsList']/a/span</xpath>
    </Element>
    <Element name="txtNominalLoadForTunnel" type="HtmlControl">
      <id>txtNominalLoadTunnel</id>
    </Element>
    <Element name="txtNominalLoadForConventional" type="HtmlControl">
      <id>txtNominalLoadConventional</id>
    </Element>
    <Element name="ddlAddChainFormulaName" type="HtmlSelect">
      <id>ddlChainFormulaName</id>
    </Element>
    <Element name="txtFormulaName" type="HtmlControl">
      <id>txtFormulaName</id>
    </Element>    
    <Element name="btnCancelIE" type="HtmlButton">
      <id>btnCancelGrid</id>
    </Element>
    <Element name="ddlFormulaCategory" type="HtmlSelect">
      <id>ddlFormulaCategory</id>
    </Element>
    <Element name="ddlTextileSaturationNew" type="HtmlSelect">
      <id>ddlTextileSaturation</id>
    </Element>
    <Element name="ddlFormulaSegment" type="HtmlSelect">
      <id>ddlFormulaSegment</id>
    </Element>
    <Element name="ddlWashersDropdown" type="HtmlSelect">
      <id>ddlWasherNameFormula</id>
    </Element>
    <Element name="btnCancelProduct" type="HtmlButton">
      <id>btnCancel</id>
    </Element>
    <Element name="btnFormulaFrameSave" type="HtmlButton">
      <xpath>html/body/div[7]/div[2]/div[2]/div/div/div/div/div[2]/form/div[2]/div/div[22]/div[2]/button[2]</xpath>
    </Element>
    <Element name="CloseInjectionsPopup" type="HtmlControl">
      <xpath>//*[@id='newPopupwindow']/div/div/div[1]/button/span[1]</xpath>
    </Element>
    <Element name="AddFormulaButton" type="HtmlControl">
      <xpath>.//*[@id='btnAddFormula']</xpath>
    </Element>
	  <Element name="InjectionView" type="HtmlControl">
		  <xpath>//*[@id="lnkProductsView"]</xpath>
	  </Element>
	  <Element name="GridView" type="HtmlControl">
		  <xpath>//*[@id="lnkGridView"]</xpath>
	  </Element>
	  <Element name="FormView" type="HtmlControl">
		  <xpath>//*[@id="lnkFormView"]</xpath>
	  </Element>
	 	  <Element name="ViewChange" type="HtmlControl">
		  <xpath>//*[@id="ulProductsList_1"]/a</xpath>
	  </Element>
    <Element name="FormulaWashstepAddedMessage" type="HtmlControl">
      <xpath>//*[@id='errorDiv_msg']/label</xpath>
    </Element>
    <Element name="btnAddProduct" type="HtmlButton">
      <id>btnAddProducts</id>
    </Element>
    <Element name="btnSaveProducts" type="HtmlButton">
      <id>btnSaveProducts</id>
    </Element>	 
    <Element name="txtQuantity" type="HtmlInputText">
      <xpath>.//*[@id='tblConventionalWashstepProducts']/tbody/tr/td[3]/input</xpath>
    </Element>
	  <Element name="tblWashStepProducts" type="HtmlControl">
		  <id>tblWashStepProducts</id>
	  </Element>	
	  <Element name="IVQuantity" type="HtmlInputText">
		  <xpath></xpath>
	  </Element>
	  <Element name="IVTotalQuantity" type="HtmlInputText">
		  <xpath></xpath>
	  </Element>
	  <Element name="IVPrice" type="HtmlInputText">
		  <xpath></xpath>
	  </Element>
    <Element name="txtQuantityEU" type="HtmlInputText">
      <xpath>.//*[@id='tblConventionalWashstepProducts']/tbody/tr/td[3]/div/input</xpath>
    </Element>
    <Element name="txtQuantityForPLC" type="HtmlInputText">
      <xpath>.//*[@id='tblConventionalWashstepProducts']/tbody/tr/td[3]/div/input</xpath>
    </Element>
    <Element name="txtLoadsPerMonth" type="HtmlInputText">
      <id>txtLoadsPerMonth</id>
    </Element>
    <Element name="txtTotalQuantity" type="HtmlInputText">
      <xpath>.//*[@id='tblConventionalWashstepProducts']/tbody/tr/td[4]/input</xpath>
    </Element>
    <Element name="txtTotalQuantityEU" type="HtmlInputText">
      <xpath>.//*[@id='tblConventionalWashstepProducts']/tbody/tr/td[4]/div/input</xpath>
    </Element>
	  <Element name="txtPrice" type="HtmlControl">
		  <xpath>.//*[@id='tblConventionalWashstepProducts']/tbody/tr/td[5]/input</xpath>
	  </Element>
	  <Element name="txtPriceEU" type="HtmlControl">
		  <xpath>.//*[@id='tblConventionalWashstepProducts']/tbody/tr/td[6]/div/input</xpath>
	  </Element>
    <Element name="WashStepProductsTable" type="HtmlControl">
      <xpath>.//*[@id='tblConventionalWashstepProducts']</xpath>
    </Element>
    <Element name="ddlSelectProduct" type="HtmlSelect">
      <id>ddlProducts</id>
    </Element>
    <Element name="txtTotalRunTime" type="HtmlControl">
      <id>txtTotalRunTime</id>
    </Element>
    <Element name="txtcopyFormulaName" type="HtmlControl">
      <id>txtcopyFormulaName</id>
    </Element>
    <Element name="ddlEcolabTextileCategoryAdd_listbox" type="HtmlControl">
      <id>ddlEcolabTextileCategoryAdd_listbox</id>
    </Element>
    <Element name="ddlEcolabTextileCategoryEdit_listbox" type="HtmlControl">
      <id>ddlEcolabTextileCategory_listbox</id>
    </Element>

    <Element name="ddlEcolabSaturationAdd_listbox" type="HtmlControl">
      <id>ddlEcolabSaturationAdd_listbox</id>
    </Element>
    <Element name="ddlSelectFormulaName" type="HtmlSelect">
      <id>ddlFormulaName</id>
    </Element>
    <Element name="ddlEcolabSaturationEdit_listbox" type="HtmlControl">
      <id>ddlEcolabSaturation_listbox</id>
    </Element>

    <Element name="ddlChainFormulaAdd_listbox" type="HtmlControl">
      <id>ddlChainFormulaAdd_listbox</id>
    </Element>
    <Element name="ddlChainFormulaEdit_listbox" type="HtmlControl">
      <id>ddlChainFormula_listbox</id>
    </Element>

    <Element name="ddlChainTextileCategoryAdd_listbox" type="HtmlControl">
      <id>ddlChainTextileCategoryAdd_listbox</id>
    </Element>
    <Element name="ddlChainTextileCategoryEdit_listbox" type="HtmlControl">
      <id>ddlChainTextileCategory_listbox</id>
    </Element>

    <Element name="txtaddNumberofweightedPieces" type="HtmlControl">
      <id>txtNumberofweightedPieces</id>
    </Element>
    <Element name="txtaddWeight" type="HtmlControl">
      <id>txtWeight</id>
    </Element>
    <Element name="DeleteConfirmationMsg" type="HtmlControl">
      <xpath>//*[text()=' Are you sure you want to delete this formula?']</xpath>
    </Element>

    <Element name="txtNumberofweightedPieces" type="HtmlControl">
      <id>txtNumberofweightedPieces</id>
    </Element>
    <Element name="txtWeight" type="HtmlControl">
      <id>txtWeight</id>
    </Element>
    <Element name="btnCancelInPopup" type="HtmlButton">
      <id>btnCancel1</id>
    </Element>
    <Element name="RewashCheckBox" type="HtmlInputCheckBox">
      <id>cbRewash</id>
    </Element>
    <Element name="txtPieceWeight" type="HtmlControl">
      <id>txtPieceWeight</id>
    </Element>
    <Element name="NominalLoadErrorMessage" type="HtmlControl">
      <xpath>.//*[@for='txtNominalLoadTunnel']</xpath>
    </Element>
    <Element name="ConvNominalLoadErrorMessage" type="HtmlControl">
      <xpath>.//*[@for='txtNominalLoadConventional']</xpath>
    </Element>
    <Element name="txtFormulaNumber" type="HtmlControl">
      <id>txtNumber</id>
    </Element>
    <Element name="btnSave" type="HtmlButton">
      <id>btnSave</id>
    </Element> 
    <Element name="btnAddFormulaPopupSave" type="HtmlButton">
      <xpath>//div//button//span[contains(text(),'Save')]//parent::button[@class='btn btn-success buttonTrack pull-right']</xpath>
    </Element>    
    <Element name="btnEditSave" type="HtmlControl">
      <xpath>.//*[@id='details-container']/div[24]/button[1]</xpath>
    </Element>
    <Element name="btnUpdatecopy" type="HtmlControl">
      <id>btnUpdatecopy</id>
    </Element>
    <Element name="SaveFinisher" type="HtmlButton">
      <id>btnUpdate</id>
    </Element>
    <Element name="btnCancel" type="HtmlControl">
      <xpath>//button[contains(text(),'Cancel')]</xpath>
    </Element>
    <Element name="SuccessMsg" type="HtmlControl">
      <id>errorDiv</id>
    </Element>
    <Element name="ErrorMessage" type="HtmlControl">
      <xpath>.//*[@id='divFormulaMessage']/label</xpath>
    </Element>    
    <Element name="FormulasTableGrid" type="HtmlControl">
      <id>tblFormula</id>             
    </Element>
    <Element name="TabsForOperator" type="HtmlControl">
      <xpath>.//*[@id='tabs']/div/ul</xpath>
    </Element>
    <Element name="FormulasTableGridAtWasher" type="HtmlControl">
      <xpath>.//*[@id='tblWasherGroupsFormulas']</xpath>
    </Element>
    <Element name="ColumnNamesExceptTextileCategoryecolab" type="HtmlControl">
      <xpath>.//*[@id='tblFormula']/thead/tr/th/span</xpath>
    </Element>
    <Element name="ColumnNamesExceptTextileCategoryecolabTRCustomer" type="HtmlControl">
      <xpath>.//*[@id='gridFormula']/div[2]/div/table/thead/tr/th[not(@style='display: none;')]/a/span</xpath>
    </Element>
    <Element name="FormulaNameInLine" type="HtmlControl">
      <name>Name</name>
    </Element>
    <Element name="UomFormula" type="HtmlControl">
      <xpath>//span[contains(text(),'Total weight')]/parent::*</xpath>
    </Element>
  </FeatureSet>
</ObjectRepository>
