﻿<?xml version="1.0" encoding="utf-8" ?>
<ObjectRepository>
  <FeatureSet name="Help Menu">
    <Element name="helpLink" type="HtmlControl">
      <id>submitHelp</id>
    </Element>
    <Element name="lnkFinancials" type="HtmlControl">
      <xpath>//*[@id='HelpMenu']/ul/li[2]</xpath>
    </Element>
    <Element name="lnkInternal" type="HtmlControl">
      <xpath>//*[@id='HelpMenu']/ul/li[3]</xpath>
    </Element>
    <Element name="lnkProductionEfficiency" type="HtmlControl">
      <xpath>//*[@id='HelpMenu']/ul/li[4]</xpath>
    </Element>
    <Element name="lnkResourceUtilization" type="HtmlControl">
      <xpath>//*[@id='HelpMenu']/ul/li[5]</xpath>
    </Element>
    <Element name="lnkWashingProcessValidation" type="HtmlControl">
      <xpath>//*[@id='HelpMenu']/ul/li[6]</xpath>
    </Element>
    <Element name="lnkCostSummary" type="HtmlControl">
      <xpath>.//*[@id='HelpMenu']//a[contains(text(),'Costs Summary')]</xpath>
    </Element>
    <Element name="lnkAccSummary" type="HtmlControl">
      <xpath>.//*[@id='HelpMenu']//a[contains(text(),'Account Summary')]</xpath>
    </Element>
    <Element name="lnkFFeval" type="HtmlControl">
      <xpath>.//*[@id='HelpMenu']//a[contains(text(),'FF Evaluation')]</xpath>
    </Element>
    <Element name="lnkMachineHoldTime" type="HtmlControl">
      <xpath>.//*[@id='HelpMenu']//a[contains(text(),'Machine Hold Time')]</xpath>
    </Element>
    <Element name="lnkServPreparation" type="HtmlControl">
      <xpath>.//*[@id='HelpMenu']//a[contains(text(),'Service Preparation')]</xpath>
    </Element>
    <Element name="lnkUserLog" type="HtmlControl">
      <xpath>.//*[@id='HelpMenu']//a[contains(text(),'User Log')]</xpath>
    </Element>
    <Element name="lnkWPdetails" type="HtmlControl">
      <xpath>.//*[@id='HelpMenu']//a[contains(text(),'Washing Programs Details')]</xpath>
    </Element>
    <Element name="lnkEBMachine" type="HtmlControl">
      <xpath>.//*[@id='HelpMenu']//a[contains(text(),'Efficiency By Machine')]</xpath>
    </Element>
    <Element name="lnkEBWEquipment" type="HtmlControl">
      <xpath>.//*[@id='HelpMenu']//a[contains(text(),'Efficiency Washing Equipment')]</xpath>
    </Element>
    <Element name="lnkMSActionList" type="HtmlControl">
      <xpath>.//*[@id='HelpMenu']//a[contains(text(),'MyService Action list')]</xpath>
    </Element>
    <Element name="lnkPProduction" type="HtmlControl">
      <xpath>.//*[@id='HelpMenu']//a[contains(text(),'Period Production')]</xpath>
    </Element>
    <Element name="lnkPSummary" type="HtmlControl">
      <xpath>.//*[@id='HelpMenu']//a[contains(text(),'Production Summary')]</xpath>
    </Element>
    <Element name="lnkProduction" type="HtmlControl">
      <xpath>.//*[@id='HelpMenu']//a[contains(text(),'Production')]</xpath>
    </Element>
    <Element name="lnkRewash" type="HtmlControl">
      <xpath>.//*[@id='HelpMenu']//a[contains(text(),'Rewash')]</xpath>
    </Element>


    <Element name="lnkCConsumption" type="HtmlControl">
      <xpath>.//*[@id='HelpMenu']//a[contains(text(),'Chemical Consumption')]</xpath>
    </Element>
    <Element name="lnkCInventory" type="HtmlControl">
      <xpath>.//*[@id='HelpMenu']//a[contains(text(),'Chemical Inventory')]</xpath>
    </Element>
    <Element name="lnkMeters" type="HtmlControl">
      <xpath>.//*[@id='HelpMenu']//a[contains(text(),'Meters')]</xpath>
    </Element>
      <Element name="lnkOperationSummary" type="HtmlControl">
        <xpath>.//*[@id='HelpMenu']//a[contains(text(),'Operations Summary')]</xpath>
      </Element>
      <Element name="lnkOperationSummary" type="HtmlControl">
        <xpath>.//*[@id='HelpMenu']//a[contains(text(),'Operations Summary')]</xpath>
      </Element>


    <Element name="lnkAlarmDetails" type="HtmlControl">
      <xpath>.//*[@id='HelpMenu']//a[contains(text(),'Alarm Details')]</xpath>
    </Element>
    <Element name="lnkAlarmSummary" type="HtmlControl">
      <xpath>.//*[@id='HelpMenu']//a[contains(text(),'Alarm Summary')]</xpath>
    </Element>
    <Element name="lnkProcessValidationDetails" type="HtmlControl">
      <xpath>.//*[@id='HelpMenu']//a[contains(text(),'Process Validation Details')]</xpath>
    </Element>
    <Element name="lnkPVSummary" type="HtmlControl">
      <xpath>.//*[@id='HelpMenu']//a[contains(text(),'Process Validation Summary')]</xpath>
    </Element>
    <Element name="lnkRedFlags" type="HtmlControl">
      <xpath>.//*[@id='HelpMenu']//a[contains(text(),'Red Flags')]</xpath>
    </Element>
    <Element name="lnkRBatches" type="HtmlControl">
      <xpath>.//*[@id='HelpMenu']//a[contains(text(),'Rejected Batches')]</xpath>
    </Element>
    <Element name="reportname" type="HtmlControl">
      <xpath>.//*[@id='HelpContent']/div/h3[1]/strong</xpath>
    </Element>


    <Element name="Help" type="HtmlControl">
      <id>sbmitHelp</id>
    </Element>
    <Element name="HelpHome" type="HtmlControl">
      <id>hlpHome</id>
    </Element>
    <Element name="HomeContent" type="HtmlControl">
      <xpath>.//*[@id='templateContainer']/div/div[1]/div[1]/h3</xpath>
    </Element>
    <Element name="HelpMenuDashboard" type="HtmlControl">
      <id>hlpDashboard</id>
    </Element>
    <Element name="HelpMenuContent" type="HtmlControl">
      <xpath>.//*[@id='templateContainer']/div/div/div[1]/h3</xpath>
    </Element>
    <Element name="HelpMenuDashbordContent" type="HtmlControl">
      <xpath>.//*[@id='templateContainer']/div/div/div[1]/h3</xpath>
    </Element>
    <Element name="HelpReportsSideNav" type="HtmlControl">
      <id>hlpReportsSideNav</id>
    </Element>
    <Element name="HelpRptProductionSummary" type="HtmlControl">
      <id>hlpRptProductionSummary</id>
    </Element>
    <Element name="HelpRptProductionSummaryContent" type="HtmlControl">
      <xpath>.//*[@id='templateContainer']/div/div/div[1]/h3</xpath>
    </Element>
    <Element name="HelpRptProductionDetails" type="HtmlControl">
      <id>hlpRptProductionDetail</id>
    </Element>
    <Element name="HelpRptProductionDetailsContent" type="HtmlControl">
      <xpath>.//*[@id='templateContainer']/div/div/div[1]/h3</xpath>
    </Element>
    <Element name="HelpRptAlaramSummary" type="HtmlControl">
      <id>hlpRptAlaramSummary</id>
    </Element>
    <Element name="HelpRptAlaramSummaryContent" type="HtmlControl">
      <xpath>.//*[@id='templateContainer']/div/div/div[1]/h3</xpath>
    </Element>
    <Element name="HelpRptAlaramDetails" type="HtmlControl">
      <id>hlpRptAlaramDetail</id>
    </Element>
    <Element name="HelpRptAlaramDetailsContent" type="HtmlControl">
      <xpath>.//*[@id='templateContainer']/div/div/div[1]/h3</xpath>
    </Element>
    <Element name="HelpRptChemicalConsumption" type="HtmlControl">
      <id>hlpRptChemicalConsumption</id>
    </Element>
    <Element name="HelpRptAlaramDetailsContent" type="HtmlControl">
      <xpath>.//*[@id='templateContainer']/div/div/div[1]/h3</xpath>
    </Element>
    <Element name="HelpRptChemicalInventory" type="HtmlControl">
      <id>hlpRptChemicalInventory</id>
    </Element>
    <Element name="HelpRptChemicalInventoryContent" type="HtmlControl">
      <xpath>.//*[@id='templateContainer']/div/div/div[1]/h3</xpath>
    </Element>
    <Element name="HelpRptOperationSummary" type="HtmlControl">
      <id>hlpRptOperationSummary</id>
    </Element>
    <Element name="HelpRptUseLog" type="HtmlControl">
      <id>hlpRptUseLog</id>
    </Element>
  </FeatureSet>
</ObjectRepository>