﻿<?xml version="1.0" encoding="utf-8" ?>
<ObjectRepository>
  <FeatureSet name="Labour Cost tab controls">
    <Element name="labourCostGridTable" type="HtmlControl">
      <xpath>.//*[@id='frmLaborCost']/div/div[2]/table</xpath>
    </Element>
    <Element name="btnSave" type="HtmlSpan">
      <xpath>//span[contains(text(),'Save')]</xpath>
    </Element>
    <Element name="btnCancel" type="HtmlButton">
      <id>btnCancel</id>
    </Element>
    <Element name="uom" type="HtmlButton">
      <xpath>//div//td[contains(text(),'Normal')]/following-sibling::*//div//span</xpath>
    </Element>
    <Element name="SelectPreferredLanguage" type="HtmlControl">
      <id>ddlLanguages</id>
    </Element>
    <Element name="btnUpload" type="HtmlInputButton">
      <atribute>id=btnSave</atribute>
    </Element>
    <Element name="SuccessValidationMessage" type="HtmlControl">
      <class>k-success-message</class>
    </Element>
    <Element name="LabourCostSuccessMsg" type="HtmlControl">
      <xpath>.//*[@id='successMsg']/label</xpath>
    </Element>
    <Element name="tabLaborCost" type="HtmlControl">
      <id>tabLaborCost</id>
    </Element>
	  <Element name="uom" type="HtmlButton">
		  <xpath>//div//td[contains(text(),'Normal')]/following-sibling::*//div//span</xpath>
	  </Element>
	  <Element name="normalCost" type="HtmlInputControl">
      <name>1</name>
    </Element>
    <Element name="temporaryCost" type="HtmlInputControl">
      <name>3</name>
    </Element>
    <Element name="btnNoPopUp" type="HtmlButton">
      <id>imbNo</id>
    </Element>
    <Element name="txtTemporaryCostEdit" type="HtmlInputText">
      <xpath>//*[@id='frmLaborCost']/div/div[2]/table/tbody/tr[2]/td[2]/div/input</xpath>
    </Element>
    <Element name="txtSpecialistCostEdit" type="HtmlInputText">
      <xpath>//*[@id='frmLaborCost']/div/div[2]/table/tbody/tr[3]/td[2]/div/input</xpath>
    </Element>
    <Element name="PlantProfile" type="HtmlInputText">
      <xpath>.//*[@id='frmPlantSetupDetails']/div[1]/div[1]/div/h1</xpath>
    </Element>
  </FeatureSet>
</ObjectRepository>