<?xml version="1.0" encoding="UTF-8" standalone="no"?>
<ObjectRepository>
   <FeatureSet name="TCD login Page">     
    <Element name="lnkTCDLoginLink" type="HtmlControl">
      <content>Login</content>
    </Element>
    <Element name="txtTCDUsername" type="HtmlInputText">
    <id>UserName</id>
    </Element>
    <Element name="txtTCDPassword" type="HtmlInputPassword">
      <id>Password</id>
    </Element>
    <Element name="btnTCDLoginButton" type="HtmlButton">
      <atribute>id=btnLogin</atribute>
    </Element>
     <Element name="btnLogin" type="HtmlControl">
       <xpath>.//*[@id='myModal_login']/div[2]/form/div[4]/button/span</xpath>
     </Element>
    <Element name="chkbxTCDRememberMe" type="HtmlControl">
      <id>RememberMe</id>
    </Element>
    <Element name="btnTCDCloseLoginPopup" type="HtmlButton">
      <class>close</class>    
    </Element>
  </FeatureSet>
  <FeatureSet name="TCD landing Page">
    <Element name="btnTCDTopNav" type="HtmlControl">
      <id>topnav</id>
    </Element> 
    <Element name="spnLogout" type="HtmlControl">
      <xpath>//span[contains(text(),'Logout')]</xpath>
    </Element>
    <Element name="txtCentralUsername" type="HtmlControl">
      <id>EmailAddress</id>
    </Element>
    <Element name="btnCentralLogin" type="HtmlControl">
      <xpath>.//*[@value='Log in']</xpath>
    </Element>
  </FeatureSet>
 </ObjectRepository>