﻿<?xml version="1.0" encoding="utf-8" ?>
<ObjectRepository>
  <FeatureSet name="Manual Inputs - Production Tab Controls">
    <Element name="tabProduction" type="HtmlControl">
      <id>tabProduction</id>
    </Element>
    <Element name="tabProductionData" type="HtmlControl">
      <id>tabProductionData</id>
    </Element>
    <Element name="ddlWasherGroup" type="HtmlSelect">
      <id>ddlWasherGroup</id>
    </Element>
    <Element name="ddlWasher" type="HtmlSelect">
      <id>ddlWasher</id>
    </Element>
    <Element name="ddlFormula" type="HtmlSelect">
      <id>ddlFormula</id>
    </Element>
    <Element name="newValueUOM" type="HtmlControl">
      <xpath>.//*[@id='tblMIProduction']/tbody/tr[1]/td[3]/div/span</xpath>
    </Element>
    <Element name="txtNewValue" type="HtmlInputText">
      <id>txtNewValue</id>
    </Element>
    <Element name="btnSave" type="HtmlControl">
      <id>btnSave</id>
    </Element>
    <Element name="WasherGroupDropdown" type="HtmlControl">
      <xpath>.//*[@class='multiselect-container dropdown-menu']</xpath>
    </Element>
    <Element name="btnAdd" type="HtmlControl">
      <id>btnAdd</id>
    </Element>    
    <Element name="Search" type="HtmlControl">
      <id>btnSearch</id>
    </Element>
    <Element name="WasherGroupClick" type="HtmlControl">
      <class>btn-group</class>
    </Element>
    <Element name="WasherGroupElement1" type="HtmlControl">
      <xpath>//*[@class='btn-group open']/ul/li[1]/a/label</xpath>
    </Element>
    <Element name="WasherGroupElement2" type="HtmlControl">
      <xpath>//*[@class='btn-group open']/ul/li[2]/a/label</xpath>
    </Element>
    <Element name="txtPostDeleteMessage" type="HtmlControl">
      <id>successMsg</id>
    </Element>
    <Element name="ProductionTable" type="HtmlControl">
      <id>tblProductionData</id>
    </Element>
    <Element name="ValueInTable" type="HtmlInputText">
      <id>ProductionList_0__Value</id>
    </Element>
    <Element name="btnCancel" type="HtmlButton">
      <id>btnCancel</id>
    </Element>
    <Element name="txtLastValue" type="HtmlInputText">
      <id>txtLastValue</id>
    </Element>
    <Element name="lastValueUOM" type="HtmlSelect">
      <xpath>.//*[@id='tblMIProduction']/tbody/tr[2]/td[3]/div/span</xpath>
    </Element>
    <Element name="btndeleteLastValue" type="HtmlSelect">
      <xpath>.//*[@id='tblMIProduction']/tbody/tr[1]/td[4]/a/span</xpath>
    </Element>
    <Element name="divErrorMsg" type="HtmlSelect">
      <class>divErrorMsg</class>
    </Element>        
    <Element name="startDate" type="HtmlInputText">
      <id>startDate</id>
    </Element>
    <Element name="startTime" type="HtmlInputText">
      <id>startTime</id>
    </Element>    
    <Element name="batchUOM" type="HtmlControl">
      <xpath>.//*[@id='manualBatchDataContainer']/div[3]/div/div/span</xpath>
    </Element>    
  </FeatureSet>
</ObjectRepository>