﻿<?xml version="1.0" encoding="utf-8" ?>
<ObjectRepository>
  <FeatureSet name="Manual Inputs - Batch Tab Controls">
    <Element name="tabBatchData" type="HtmlControl">
      <id>tabBatchData</id>
    </Element>
    <Element name="batchDay" type="HtmlControl">
      <xpath>.//*[@id='frmManualBatch']/div[1]/div[1]/div[1]/div[2]/div/span/span</xpath>
    </Element>
    <Element name="DateButton" type="HtmlControl">
      <xpath>.//*[@id='form0']/div/div[6]/span/span/span</xpath>
    </Element>
    <Element name="batchDatePicker" type="HtmlTable">
      <xpath>//*[@id='form0']/div[1]/div[6]/span/span/span</xpath>
    </Element>
    <Element name="BatchDate" type="HtmlTable">
      <xpath>.//*[@id='startDate_dateview']//table[@class='k-content']</xpath>
    </Element>
    <Element name="ddlWasherGroup" type="HtmlSelect">
      <id>ddlWasherGroup</id>
    </Element>
    <Element name="ddlWasher" type="HtmlSelect">
      <id>ddlWasher</id>
    </Element>
    <Element name="ddlFormula" type="HtmlSelect">
      <id>ddlFormula</id>
    </Element>
    <Element name="SelectDate" type="HtmlControl">
      <id>startDate</id>
    </Element>
    <Element name="ddlBatch" type="HtmlSelect">
      <id>ddlBatch</id>
    </Element>
    <Element name="recordingValue" type="HtmlInputText">
      <id>recordingValue</id>
    </Element>
    <Element name="btnSave" type="HtmlButton">
      <id>btnSave</id>
    </Element>
    <Element name="DatePicker" type="HtmlControl">
      <class>k-icon k-i-calendar</class>
    </Element>
    <Element name="YearMonthSelector" type="HtmlControl">
      <xpath>html/body/div[8]/div/div/div[1]/a[2]</xpath>
    </Element>
    <Element name="PreviousMonth" type="HtmlControl">
      <xpath>html/body/div[8]/div/div/div[1]/a[1]/span</xpath>
    </Element>
    <Element name="DatesTable" type="HtmlTable">
      <xpath>html/body/div/div/div/table</xpath>
    </Element>
    <Element name="NextMonth" type="HtmlControl">
      <xpath>html/body/div[7]/div/div/div[1]/a[3]/span</xpath>
    </Element>
    <Element name="Day1" type="HtmlControl">
      <xpath>html/body/div[7]/div/div/table/tbody/tr[1]/td[1]</xpath>
    </Element>
    <Element name="Day2" type="HtmlControl">
      <xpath>html/body/div[7]/div/div/table/tbody/tr[1]/td[2]</xpath>
    </Element>
    <Element name="Day3" type="HtmlControl">
      <xpath>html/body/div[7]/div/div/table/tbody/tr[1]/td[3]</xpath>
    </Element>
    <Element name="Day4" type="HtmlControl">
      <xpath>html/body/div[7]/div/div/table/tbody/tr[1]/td[4]</xpath>
    </Element>
    <Element name="Day5" type="HtmlControl">
      <xpath>html/body/div[7]/div/div/table/tbody/tr[1]/td[5]</xpath>
    </Element>
    <Element name="Day6" type="HtmlControl">
      <xpath>html/body/div[7]/div/div/table/tbody/tr[1]/td[6]</xpath>
    </Element>
    <Element name="Day7" type="HtmlControl">
      <xpath>html/body/div[7]/div/div/table/tbody/tr[1]/td[7]</xpath>
    </Element>
    <Element name="Day8" type="HtmlControl">
      <xpath>html/body/div[7]/div/div/table/tbody/tr[2]/td[1]</xpath>
    </Element>
    <Element name="Day9" type="HtmlControl">
      <xpath>html/body/div[7]/div/div/table/tbody/tr[2]/td[2]</xpath>
    </Element>
    <Element name="Day10" type="HtmlControl">
      <xpath>html/body/div[7]/div/div/table/tbody/tr[2]/td[3]</xpath>
    </Element>
    <Element name="Day11" type="HtmlControl">
      <xpath>html/body/div[7]/div/div/table/tbody/tr[2]/td[4]</xpath>
    </Element>
    <Element name="Day12" type="HtmlControl">
      <xpath>html/body/div[7]/div/div/table/tbody/tr[2]/td[5]</xpath>
    </Element>
    <Element name="Day13" type="HtmlControl">
      <xpath>html/body/div[7]/div/div/table/tbody/tr[2]/td[6]</xpath>
    </Element>
    <Element name="Day14" type="HtmlControl">
      <xpath>html/body/div[7]/div/div/table/tbody/tr[2]/td[7]</xpath>
    </Element>
    <Element name="Day15" type="HtmlControl">
      <xpath>html/body/div[7]/div/div/table/tbody/tr[3]/td[1]</xpath>
    </Element>
    <Element name="Day16" type="HtmlControl">
      <xpath>html/body/div[7]/div/div/table/tbody/tr[3]/td[2]</xpath>
    </Element>
    <Element name="Day17" type="HtmlControl">
      <xpath>html/body/div[7]/div/div/table/tbody/tr[3]/td[3]</xpath>
    </Element>
    <Element name="Day18" type="HtmlControl">
      <xpath>html/body/div[7]/div/div/table/tbody/tr[3]/td[4]</xpath>
    </Element>
    <Element name="Day19" type="HtmlControl">
      <xpath>html/body/div[7]/div/div/table/tbody/tr[3]/td[5]</xpath>
    </Element>
    <Element name="Day20" type="HtmlControl">
      <xpath>html/body/div[7]/div/div/table/tbody/tr[3]/td[6]</xpath>
    </Element>
    <Element name="Day21" type="HtmlControl">
      <xpath>html/body/div[7]/div/div/table/tbody/tr[3]/td[7]</xpath>
    </Element>
    <Element name="Day22" type="HtmlControl">
      <xpath>html/body/div[7]/div/div/table/tbody/tr[4]/td[1]</xpath>
    </Element>
    <Element name="Day23" type="HtmlControl">
      <xpath>html/body/div[7]/div/div/table/tbody/tr[4]/td[2]</xpath>
    </Element>
    <Element name="Day24" type="HtmlControl">
      <xpath>html/body/div[7]/div/div/table/tbody/tr[4]/td[3]</xpath>
    </Element>
    <Element name="Day25" type="HtmlControl">
      <xpath>html/body/div[7]/div/div/table/tbody/tr[4]/td[4]</xpath>
    </Element>
    <Element name="Day26" type="HtmlControl">
      <xpath>html/body/div[7]/div/div/table/tbody/tr[4]/td[5]</xpath>
    </Element>
    <Element name="Day27" type="HtmlControl">
      <xpath>html/body/div[7]/div/div/table/tbody/tr[4]/td[6]</xpath>
    </Element>
    <Element name="Day28" type="HtmlControl">
      <xpath>html/body/div[7]/div/div/table/tbody/tr[4]/td[7]</xpath>
    </Element>
    <Element name="Day29" type="HtmlControl">
      <xpath>html/body/div[7]/div/div/table/tbody/tr[5]/td[1]</xpath>
    </Element>
    <Element name="Day30" type="HtmlControl">
      <xpath>html/body/div[7]/div/div/table/tbody/tr[5]/td[2]</xpath>
    </Element>
    <Element name="Day31" type="HtmlControl">
      <xpath>html/body/div[7]/div/div/table/tbody/tr[5]/td[3]</xpath>
    </Element>
    <Element name="Day32" type="HtmlControl">
      <xpath>html/body/div[7]/div/div/table/tbody/tr[5]/td[4]</xpath>
    </Element>
    <Element name="Day33" type="HtmlControl">
      <xpath>html/body/div[7]/div/div/table/tbody/tr[5]/td[5]/a</xpath>
    </Element>
    <Element name="Day34" type="HtmlControl">
      <xpath>html/body/div[7]/div/div/table/tbody/tr[5]/td[6]</xpath>
    </Element>
    <Element name="Day35" type="HtmlControl">
      <xpath>html/body/div[7]/div/div/table/tbody/tr[5]/td[7]</xpath>
    </Element>
    <Element name="Day36" type="HtmlControl">
      <xpath>html/body/div[7]/div/div/table/tbody/tr[6]/td[1]</xpath>
    </Element>
    <Element name="Day37" type="HtmlControl">
      <xpath>html/body/div[7]/div/div/table/tbody/tr[6]/td[2]</xpath>
    </Element>
    <Element name="Day38" type="HtmlControl">
      <xpath>html/body/div[7]/div/div/table/tbody/tr[6]/td[3]</xpath>
    </Element>
    <Element name="Day39" type="HtmlControl">
      <xpath>html/body/div[7]/div/div/table/tbody/tr[6]/td[4]</xpath>
    </Element>
    <Element name="Day40" type="HtmlControl">
      <xpath>html/body/div[7]/div/div/table/tbody/tr[6]/td[5]</xpath>
    </Element>
    <Element name="Day41" type="HtmlControl">
      <xpath>html/body/div[7]/div/div/table/tbody/tr[6]/td[6]</xpath>
    </Element>
    <Element name="Day42" type="HtmlControl">
      <xpath>html/body/div[7]/div/div/table/tbody/tr[6]/td[7]</xpath>
    </Element>
    <Element name="Search" type="HtmlControl">
      <id>btnSearch</id>
    </Element>
    <Element name="BatchDataGrid" type="HtmlControl">
      <id>tblBatchData</id>
    </Element>    
  </FeatureSet>
</ObjectRepository>