﻿<?xml version="1.0" encoding="utf-8" ?>
<ObjectRepository>
  <FeatureSet name="Manual Inputs - Rewash Tab Controls">
    <Element name="tabUtility" type="HtmlControl">
      <xpath>.//*[@class='new_tabs']/li[1]/a</xpath>
    </Element>
    <Element name="UtiltyTabGridTable" type="HtmlControl">
      <id>tblManualUtility</id>
    </Element>    
    <Element name="txtLastValue" type="HtmlControl">
      <id>txtLastValue</id>
    </Element>
    <Element name="txtUsage" type="HtmlControl">
      <id>txtUsage</id>
    </Element>
    <Element name="txtNewValue" type="HtmlControl">
      <xpath>//*[@id="txtNewValue"]</xpath>
    </Element>
    <Element name="txtNewUsage" type="HtmlInputText">
      <id>txtNewUsage</id>
    </Element>
    <Element name="btnUpdate" type="HtmlControl">
      <id>btnUpdate</id>
    </Element>
    <Element name="txtNewDate" type="HtmlInputText">
      <id>txtNewDate</id>
    </Element>
    <Element name="txtMINewValue" type="HtmlInputText">
      <xpath>(//input[@id='txtNewValue'])[2]</xpath>
    </Element>
    <Element name="UsageValueInTable" type="HtmlControl">
      <xpath>.//*[@id='tblManualUtility']/tbody/tr/td[7]/span[1]</xpath>
    </Element>
    <Element name="btnCancel" type="HtmlControl">
      <id>btnCancel</id>
    </Element>
    <Element name="MeterNameHeader" type="HtmlControl">
      <xpath>.//*[@id='tblManualUtility']/thead/tr[2]/th[2]</xpath>
    </Element>    
    <Element name="MeterName" type="HtmlControl">
      <xpath>.//*[@id='tblManualUtility']/tbody/tr/td[2]/span</xpath>
    </Element>
    <Element name="UpdateMeter" type="HtmlControl">
      <xpath>//*[@id='tblManualUtility']/tbody/tr/td[1]/a[4]/span</xpath>             
    </Element>
    <Element name="UpdateMeter2" type="HtmlControl">
      <xpath>//*[@id='tblManualUtility']/tbody/tr/td[1]/a[3]/span</xpath>
    </Element>
    <Element name="userErrorMsg" type="HtmlControl">
      <id>userErrorMsg</id>
    </Element>
    <Element name="divErrorMsg" type="HtmlControl">
      <class>k-success-message</class>
    </Element>
    <Element name="Controls" type="HtmlControl">
      <xpath>.//*[@id='tblManualUtility']/tbody/tr/td[1]</xpath>
    </Element>
    <Element name="lastRecordDeleteButton" type="HtmlControl">
      <xpath>.//*[@id='frmAddEditManual']/div[13]/label[4]/a/span</xpath>
    </Element>
    <Element name="UOM" type="HtmlControl">
      <id>txtUom</id>
    </Element>
    <Element name="ManualInputsTab" type="HtmlControl">
		  <xpath>//span[contains(text(),'Manual Inputs')]</xpath>
	  </Element>
    <Element name="PreviousRecord" type="HtmlControl">
      <xpath>//label[contains(text(),'Previous Record')]</xpath>
    </Element>
    <Element name="DeleteRecord" type="HtmlControl">
      <xpath>//label[@class='col-xs-1 remove_padding_left marg_10t']/a/span</xpath>
    </Element>
  </FeatureSet>
</ObjectRepository>