﻿<?xml version="1.0" encoding="utf-8" ?>
<ObjectRepository>

  <FeatureSet name="Meters Tab Controls">
    <Element name="btnAddMeter" type="HtmlControl">
      <xpath>//*[@id='frmMeter']/div/div[1]/a/span[2]</xpath>
    </Element>
    <Element name="txtMeterName" type="HtmlControl">
      <id>txtDescriptionAdd</id>
    </Element>
    <Element name="txtMeterNameToEdit" type="HtmlControl">
      <id>txtDescription</id>
    </Element>
    <Element name="ddlUtilityType" type="HtmlControl">
      <id>ddlUtilityTypeAdd</id>
    </Element>
    <Element name="ddlUtilityTypeUpdate" type="HtmlControl">
      <id>ddlUtilityType</id>
    </Element>
    <Element name="ddlMeterWaterTypeAdd" type="HtmlControl">
      <id>ddlWaterTypeAdd</id>
    </Element>
    <Element name="ddlUtilityLocation" type="HtmlControl">
      <id>ddlUtilityLocationAdd</id>
    </Element>
    <Element name="ddlMeterWaterTypeAdd" type="HtmlControl">
      <id>ddlWaterTypeAdd</id>
    </Element>
    <Element name="ddlWaterTypeUpdate" type="HtmlSelect">
      <id>ddlWaterType</id>
    </Element>
    <Element name="WaterTypeFromFormulaSetup" type="HtmlSelect">
      <id>chkWaterTypeFromFormula</id>
    </Element>
    <Element name="editsaveMeter" type="HtmlControl">
      <xpath>.//*[@id='details-container']//button[1]</xpath>
    </Element>
    <Element name="ddlMachineCompartment" type="HtmlControl">
      <id>ddlMachineCompartmentAdd</id>
    </Element>
    <Element name="ddlParent" type="HtmlControl">
      <id>ddlParentAdd</id>
    </Element>
    <Element name="SecondMeterSuccessMsg" type="HtmlControl">
      <xpath>//*[@id='errorMessageAdd']/span[1]</xpath>
    </Element>
    <Element name="CounterAdd" type="HtmlSelect">
      <xpath>//*[@id="ddlCounterAdd"]</xpath>
    </Element>
    <Element name="SecondMeterAdditionMessage" type="HtmlControl">
      <xpath>.//*[@id='errorMessageAdd']</xpath>
    </Element>
    <Element name="MeterUpdateMsg" type="HtmlControl">
      <xpath>//*[@id='errorMessage']/span[1]</xpath>
    </Element>
    <Element name="MeterDeleteMsg" type="HtmlControl">
      <xpath>//*[@id='errorDiv']/label</xpath>
    </Element>    
    <Element name="btnCancelAfterUpdate" type="HtmlButton">
      <xpath>.//*[@id='details-container']/div[28]/button[2]</xpath>
    </Element>
    <Element name="txtCalibration" type="HtmlControl">
      <id>txtCalibrationAdd</id>
    </Element>
    <Element name="edittxtCalibration" type="HtmlControl">
      <id>txtCalibration</id>
    </Element>
    <Element name="ddlUOM" type="HtmlSelect">
      <id>ddlUOMAdd</id>
    </Element>
    <Element name="CounterAdd" type="HtmlSelect">
      <xpath>//*[@id="ddlCounterAdd"]</xpath>
    </Element>
    <Element name="ddlController" type="HtmlControl">
      <id>ddlControllerAdd</id>
    </Element>
    <Element name="ddlControllerUpdate" type="HtmlControl">
      <id>ddlController</id>
    </Element>
    <Element name="ddlControllerLabel" type="HtmlControl">
      <id>ddlController</id>
    </Element>
    <Element name="ddlAllowManualEntryEdit" type="HtmlControl">
      <id>ddlAllowManualEntry</id>
    </Element>
    <Element name="txtMaxValueLimit" type="HtmlControl">
      <id>txtMaxValueLimitAdd</id>
    </Element>
    <Element name="btnCancel" type="HtmlControl">
      <id>btnCancel</id>
    </Element>
    <Element name="btnDeleteMeterYes" type="HtmlButton">
      <id>yesButton</id>
    </Element>
    <Element name="btnSaveMeter" type="HtmlControl">
      <id>btnUpdate</id>
    </Element>
    <Element name="btnEditCancel" type="HtmlControl">
      <xpath>.//*[@id='details-container']/div[30]/button[2]</xpath>
    </Element>
    <Element name="btnEditSave" type="HtmlControl">
      <xpath>.//*[@id='details-container']//button[1]</xpath>
    </Element>
    <Element name="lblMeterAddedSuccess" type="HtmlControl">
      <id>errorDiv</id>
    </Element>
    <Element name="lblErrorMessage" type="HtmlControl">
      <xpath>.//*[@id='errorMessageAdd']/span</xpath>
    </Element>
    <Element name="lblFailureMessage" type="HtmlControl">
      <xpath>.//*[@id='errorMessage']/span</xpath>
    </Element>
    <Element name="txtSuccessfulMeterAdditionMessage" type="HtmlControl">
      <xpath>.//*[@id='errorDiv']/span[1]</xpath>
    </Element>
    <Element name="MetersTabGridTable" type="HtmlControl">
      <xpath>.//*[@id='gridMeter']/div[3]/table</xpath>
    </Element>
    <Element name="MetersEditLabel" type="HtmlLabel">
      <xpath>//span[contains(text(),'Edit Meter')]</xpath>
    </Element>
    <Element name="MetersViewLabel" type="HtmlLabel">
      <xpath>//span[contains(text(),'View Meter')]</xpath>
    </Element>
    <Element name="UserRolesMetersTabGridTable" type="HtmlControl">
      <xpath>.//*[@id='gridMeter']/div[2]/table</xpath>
    </Element>
    <Element name="YesNoSwitch" type="HtmlSpan">
      <xpath>.//*[@id='frmPlantSetupDetails']/div[2]/div[1]/div[7]/div[2]/span/span[2]/span</xpath>
    </Element>
    <Element name="ddlAllowManualEntryAdd" type="HtmlInputCheckBox">
      <id>ddlAllowManualEntryAdd</id>
    </Element>
  </FeatureSet>
</ObjectRepository>
