﻿<?xml version="1.0" encoding="utf-8" ?>
<ObjectRepository>
  <FeatureSet name="Target Production page controls">
    <Element name="txtTargetProductionToEdit" type="HtmlInputText">
      <xpath>//span[contains(text(),'Tuesday')]/parent::td/following-sibling::td/input</xpath>
    </Element>
    <Element name="btnSave" type="HtmlButton">
      <id>btnTargetProdUpdate</id>
    </Element>	
    <Element name="Message" type="HtmlControl">
      <xpath>.//*[@id='successMsg']/label</xpath>
    </Element>
    <Element name="btnCancel" type="HtmlButton">
      <id>btnCancel</id>	
    </Element>
	  <Element name ="StandardProdGrid" type ="HtmlControl">
		  <xpath>.//*[@id='frmEditTargetProd']/div/div[3]/table</xpath>
	  </Element>
	  
  </FeatureSet>
</ObjectRepository>