﻿<?xml version="1.0" encoding="utf-8" ?>
<ObjectRepository>
  <FeatureSet name="Controller Advanced Setup Beckhoff">
    <Element name="tabPumpList" type="HtmlControl">
      <id>tabPumpList</id>
    </Element>
    <Element name="ControllerSetupGridTable" type="HtmlControl">
      <xpath>.//*[@id='gridControllerSetupList']/div[3]/table</xpath>
    </Element>
    <Element name="ControllerRoleSetupGridTable" type="HtmlControl">
      <xpath>.//*[@id='gridControllerSetupList']/div[2]/table</xpath>
    </Element>
    <Element name="ddlSort" type="HtmlControl">
      <id>ddlSort</id>
    </Element>
    <Element name="BacktoControllers" type="HtmlControl">
      <xpath>//span[contains(text(),'Back to Controllers')]</xpath>
    </Element>
    <Element name="PumpsListTableGrid" type="HtmlControl">
      <xpath>.//*[@id='tblPumpsList']</xpath>
    </Element>
    <Element name="ddlProducts" type="HtmlControl">
      <id>ddlProducts</id>
    </Element>   
    <Element name="ddlLineNumber" type="HtmlControl">
      <id>ddlLineNumber</id>
    </Element>   
    <Element name="ddlFlushValveNumber" type="HtmlSelect">
      <id>ddlFlushValveNumber</id>
    </Element>
    <Element name="cbConventionalWgConnection" type="HtmlSelect">
      <id>cbConventionalWgConnection</id>
    </Element>
	  <Element name="cbPumpInDirectDosingMode" type="HtmlSelect">
		  <id>cbPumpInDirectDosingMode</id>
	  </Element>
    <Element name="ddlCompartmentForDPT1" type="HtmlSelect">
      <id>ddlCompartNoForT1Dp1</id>
    </Element>
    <Element name="ddlCompartmentForDPT2" type="HtmlSelect">
      <id>ddlCompartNoForT2Dp1</id>
    </Element>
	  <Element name="ddlTunnelNumberForDirectDosing" type="HtmlSelect">
		  <id>ddlTunnelNumberForDirectDosing</id>
	  </Element>
	  <Element name="ddlCompartmentNumberForDirectDosing" type="HtmlSelect">
		  <id>ddlCompartmentNumberForDirectDosing</id>
	  </Element>
    <Element name="ddlPumpType" type="HtmlSelect">
      <id>ddlEquipmentType</id>
    </Element>
    <Element name="ddlDeviceValve1" type="HtmlSelect">
      <id>ddlCompartNoForV1</id>
    </Element>
    <Element name="ddlDeviceValve2" type="HtmlSelect">
      <id>ddlCompartNoForV2</id>
    </Element>
    <Element name="ddlDeviceValve3" type="HtmlSelect">
      <id>ddlCompartNoForV3</id>
    </Element>
    <Element name="ddlDeviceValve4" type="HtmlSelect">
      <id>ddlCompartNoForV4</id>
    </Element>
    <Element name="ddlDeviceValve5" type="HtmlSelect">
      <id>ddlCompartNoForV5</id>
    </Element>
    <Element name="ddlDeviceValve6" type="HtmlSelect">
      <id>ddlCompartNoForV6</id>
    </Element>
    <Element name="ddlDeviceValve7" type="HtmlSelect">
      <id>ddlCompartNoForV7</id>
    </Element>
    <Element name="ddlDeviceValve8" type="HtmlSelect">
      <id>ddlCompartNoForV8</id>
    </Element>
    <Element name="ddlMCDeviceValve1" type="HtmlSelect">
      <id>ddlCompartNoForT1Dp1</id>
    </Element>
    <Element name="ddlMCDeviceValve2" type="HtmlSelect">
      <id>ddlCompartNoForT1Dp2</id>
    </Element>
    <Element name="ddlMCDeviceValve3" type="HtmlSelect">
      <id>ddlCompartNoForT1Dp3</id>
    </Element>
    <Element name="ddlMCDeviceValve4" type="HtmlSelect">
      <id>ddlCompartNoForT1Dp4</id>
    </Element>
    <Element name="ddlMCDeviceValve5" type="HtmlSelect">
      <id>ddlCompartNoForT2Dp1</id>
    </Element>
    <Element name="ddlMCDeviceValve6" type="HtmlSelect">
      <id>ddlCompartNoForT2Dp2</id>
    </Element>
    <Element name="ddlMCDeviceValve7" type="HtmlSelect">
      <id>ddlCompartNoForT2Dp3</id>
    </Element>
    <Element name="ddlMCDeviceValve8" type="HtmlSelect">
      <id>ddlCompartNoForT2Dp4</id>
    </Element>
    <Element name="txtPumpCalibration" type="HtmlControl">
      <id>txtPumpCalibration</id>
    </Element>
    <Element name="txtMaxDosingTime" type="HtmlControl">
      <id>txtMaxDosingTime</id>
    </Element>
    <Element name="SavePump" type="HtmlControl">
      <id>btnSavePump</id>
    </Element>
    <Element name="CancelPump" type="HtmlControl">
      <xpath>//button[contains(text(),'Cancel')]</xpath>
    </Element>
	  <Element name="CancelEdit" type="HtmlControl">
		  <xpath>.//*[@id='btnCancelPumpEditable']</xpath>
	  </Element>
	  <Element name="Cancel" type="HtmlControl">
		  <xpath>.//*[@id='btnCancel']</xpath>
	  </Element>
    <Element name="BacktoPumps" type="HtmlControl">
      <xpath>//span[contains(text(),'Back to Pumps / Valves')]</xpath>
    </Element>
    <Element name="InLineddlProducts" type="HtmlControl">
      <id>ddlProducts_1</id>
    </Element>
    <Element name="InLinetxtPumpCalibration" type="HtmlControl">
      <id>pumpCalibration_1</id>
    </Element>
    <Element name="InLinetxtMaxDosingTime" type="HtmlControl">
      <id>maximumDosingTime_1</id>
    </Element>
    <Element name="ValidationMessage" type="HtmlControl">
      <id>massage</id>
    </Element>
	  <Element name="PumpValidationMessage" type="HtmlControl">
		  <xpath>.//*[@id='massage']/label</xpath>
	  </Element>
    <Element name="ValvesArea" type="HtmlControl">
      <xpath>.//*[@id='frmPumpEdit']/div/div[3]/div[1]</xpath>
    </Element>
    <Element name="dialogMsg" type="HtmlControl">
      <xpath>//span[contains(text(),'Do you want to save changes?')]</xpath>
    </Element>
    <Element name="PumpsAndValvesTabGridTable" type="HtmlControl">
      <xpath>.//*[@id='tblPumpsList']</xpath>
    </Element>
    <Element name="txtLFSChemicalName" type="HtmlInputText">
      <id>txtLfsChemicalName</id>
    </Element>
    <Element name="ddlFlowDetectorType" type="HtmlSelect">
      <id>ddlFlowDetectorType</id>
    </Element>
  </FeatureSet>
  <FeatureSet name="Controller Advanced Setup Allen Bradely">
    <Element name="ddlProductNameAB" type="HtmlSelect">
      <id>ddlProducts</id>
    </Element>
    <Element name="ddlProductNameInlineEdit" type="HtmlSelect">
      <id>ddlProducts_1</id>
    </Element>
    <Element name="txtTimeVolumeCalibrationInlineEdit" type="HtmlInputText">
      <id>pumpCalibration_1</id>
    </Element>
    <Element name="txtKFactorInlineEdit" type="HtmlInputText">
      <xpath>.//*[@id='tblPumpsList']/tbody/tr[1]/td[5]/input</xpath>
    </Element>
    <Element name="btnInlineEdit" type="HtmlControl">
      <xpath>.//*[@id='tblPumpsList']/tbody/tr[1]/td[1]/a[3]</xpath>
    </Element>   
  </FeatureSet>  
</ObjectRepository>
