﻿<?xml version="1.0" encoding="utf-8" ?>
<ObjectRepository>
  <FeatureSet name="Reports Tab Page">
    <Element name="tabReports" type="HtmlControl">
      <xpath>.//*[@id='top-mainmenu-container']//a/span[contains(text(),'Report')]</xpath>
    </Element>
    <Element name="tabProductionEfficiency" type="HtmlControl">
      <xpath>.//div[@class='reportsmenu-holder']/div/ul/li[1]</xpath>
    </Element>
    <Element name="ProductionDetailsLink" type="HtmlControl">
      <xpath>(//a[contains(text(),'Production')])[3]</xpath>
    </Element>
    <Element name="ChartErrorMessage" type="HtmlControl">
      <xpath>.//*[@id='divChart']/div</xpath>
    </Element>
    <Element name="StandardLoad" type="HtmlControl">
      <xpath>.//input[@colname='Standard Load']</xpath>
    </Element>
    <Element name="RunTimeEfficiency" type="HtmlControl">
      <xpath>.//input[@colname='Run Time Efficiency (%)']</xpath>
    </Element>
    <Element name="RecordsErrorMessage" type="HtmlControl">
      <xpath>.//*[@id='tblReport']/tbody[2]/tr/td/div</xpath>
    </Element>
	  <Element name="EffByMechFormCatCol" type="HtmlControl">
		  <xpath>.//input[@colname='Formula Categories']</xpath>
	  </Element>
	  <Element name="EffByMechAddCol" type="HtmlControl">
		  <xpath>//*[@id='divribbonFilters']//span[@class =  'reports-icon custcolumn']</xpath>
	  </Element>
	  <Element name="EffByMechFormCat" type="HtmlControl">
		  <xpath>//*[@id="div_28"]/div[2]/div/button</xpath>
	  </Element>
	  <Element name="EffByMechFormCatFilt" type="HtmlControl">
		  <xpath>//*[@id="div_28"]/div[2]/div/ul/li[1]/a/label/input</xpath>
	  </Element>
	  <Element name="tabResourcesUtilization" type="HtmlControl">
      <xpath>.//div[@class='reportsmenu-holder']/div/ul/li[3]</xpath>
    </Element>
    <Element name="tabWashingProcessValidation" type="HtmlControl">
      <xpath>//a[contains(text(),'Washing Process Validation')]</xpath>
    </Element>
    <Element name="NoDataErrorMessage" type="HtmlControl">
      <xpath>//*[text()='No Records To Display The Table']</xpath>
    </Element>
    <Element name="PlantSelectAll" type="HtmlControl">
      <xpath>.//*[@id='div_4']/div[2]/div/ul/li[1]/a/label</xpath>
    </Element>
    <Element name="PlantFilter" type="HtmlControl">
      <xpath>.//*[@id='div_4']/div[2]/div/button</xpath>
    </Element>
    <Element name="ChemicalConsumptionLink" type="HtmlControl">
      <xpath>.//a[contains(text(),'Chemical Consumption')]</xpath>
    </Element>
    <Element name="ChemicalInventoryLink" type="HtmlControl">
      <xpath>.//a[contains(text(),'Chemical Inventory')]</xpath>
    </Element>
    <Element name="OperationsSummaryLink" type="HtmlControl">
      <xpath>.//a[contains(text(),'Operations Summary')]</xpath>
    </Element>
    <Element name="AlarmsSummaryLink" type="HtmlControl">
      <xpath>.//a[contains(text(),'Alarms Summary')]</xpath>
    </Element>
    <Element name="AlarmsDetailsLink" type="HtmlControl">
      <xpath>.//a[contains(text(),'Alarms Details')]</xpath>
    </Element>
    <Element name="ResourcesRecordsErrorMessage" type="HtmlControl">
      <xpath>.//*[@id='tblReport']/tbody/tr/td/div</xpath>
    </Element>
    <Element name="tabEcolabInternal" type="HtmlControl">
      <xpath>.//div[@class='reportsmenu-holder']/div/ul/li[4]</xpath>
    </Element>
    <Element name="UserLogTableGrid" type="HtmlControl">
      <xpath>//table[@id='tblReport']</xpath>
    </Element>
    <Element name="CurrentView" type="HtmlControl">
      <id>current</id>
    </Element>
    <Element name="PreviousView" type="HtmlControl">
      <id>prev</id>
    </Element>
    <Element name="DayView" type="HtmlControl">
      <id>Day</id>
    </Element>
    <Element name="WeekView" type="HtmlControl">
      <id>Week</id>
    </Element>
    <Element name="MonthView" type="HtmlControl">
      <id>Month</id>
    </Element>
    <Element name="QuarterView" type="HtmlControl">
      <id>Quarter</id>
    </Element>
    <Element name="YearView" type="HtmlControl">
      <id>Year</id>
    </Element>
    <Element name="DateRange" type="HtmlControl">
      <xpath>//span[contains(text(),'Date Range')]/following-sibling::strong</xpath>
    </Element>
    <Element name="Standard" type="HtmlControl">
      <id>lnkStandard</id>
    </Element>
    <Element name="Custom" type="HtmlControl">
      <id>lnkCustom</id>
    </Element>
    <Element name="DateButton" type="HtmlControl">
      <xpath>.//*[@id='GridFiltersCustomContainer']/div[1]/div/span/span</xpath>
    </Element>
    <Element name="YearMonthSelector" type="HtmlControl">
      <xpath>html/body/div[8]/div/div[1]/table/thead/tr[1]/th[2]</xpath>
    </Element>
    <Element name="ProductionSummaryLink" type="HtmlControl">
      <xpath>.//*[@id='divMenu']/div/ul/li[1]/ul/li[3]/a</xpath>
    </Element>
    <Element name="ProductionLink" type="HtmlControl">
      <xpath>.//*[@id='divMenu']/div/ul/li[1]/ul/li[4]/a</xpath>
    </Element>
    <Element name="PeriodProductionLink" type="HtmlControl">
      <xpath>.//*[@id='divMenu']/div/ul/li[1]/ul/li[5]/a</xpath>
    </Element>
    <Element name="EfficiencyWashingEquipmentLink" type="HtmlControl">
      <xpath>.//*[@id='divMenu']/div/ul/li[1]/ul/li[7]/a</xpath>
    </Element>
    <Element name="EfficiencyByMachineLink" type="HtmlControl">
      <xpath>.//*[@id='divMenu']/div/ul/li[1]/ul/li[8]/a</xpath>
    </Element>
    <Element name="MyServiceActionListLink" type="HtmlControl">
      <xpath>.//*[@id='divMenu']/div/ul/li[1]/ul/li[11]/a</xpath>
    </Element>
    <Element name="RewashLink" type="HtmlControl">
      <xpath>.//*[@id='divMenu']/div/ul/li[1]/ul/li[9]/a</xpath>
    </Element>
    <Element name="ReportsGrid" type="HtmlControl">
      <xpath>//table[@id='tblReport']</xpath>
    </Element>
    <Element name="DateRangelabel" type="HtmlControl">
      <xpath> .//*[@id='reportInfoPanel']/div[2]/strong</xpath>
    </Element>
    <Element name="DateTimePickr" type="HtmlControl">
      <xpath>.//*[@id='GridFiltersCustomContainer']/div[1]/div/span/span</xpath>
    </Element>
    <Element name="DayDataGrid" type="HtmlControl">
      <xpath>html/body/div[8]/div/div[1]/table</xpath>
    </Element>
    <Element name="MonthDataGrid" type="HtmlControl">
      <xpath>html/body/div[8]/div/div[2]/table</xpath>
    </Element>
    <Element name="YearDataGrid" type="HtmlControl">
      <xpath>html/body/div[8]/div/div[3]/table</xpath>
    </Element>
    <Element name="CustomStartDate" type="HtmlControl">
      <id>txtFromDate</id>
    </Element>
    <Element name="CustomEndDate" type="HtmlControl">
      <id>txtToDate</id>
    </Element>
    <Element name="GroupBy" type="HtmlControl">
      <id>ddlGroupOptions</id>
    </Element>
    <Element name="Apply" type="HtmlControl">
      <id>btnCustom</id>
    </Element>
    <Element name="ReportsNext" type="HtmlControl">
      <xpath>.//*[@id='arCustom']</xpath>
    </Element>
    <Element name="ReportsPrevious" type="HtmlControl">
      <xpath>.//*[@id='arStandard']</xpath>
    </Element>
    <Element name="ReportsMessage" type="HtmlControl">
      <xpath>html/body/div[8]/div/div[@class='datepicker-days']/table/thead//tr[1]/th[2]</xpath>
    </Element>
    <Element name="btnAddColumn" type="HtmlControl">
      <xpath>//span[@class='reports-icon custcolumn']</xpath>
    </Element>
    <Element name="ActEnergyCostCwt" type="HtmlControl">
      <xpath>//span[contains(text(),'Actual Energy cost Cwt')]</xpath>
    </Element>
    <Element name="ActualWaterUsage" type="HtmlControl">
      <xpath>//span[contains(text(),'Actual Water Usage (ltr)')]</xpath>
    </Element>
	  <Element name="StandardWaterUsage" type="HtmlControl">
		  <xpath>//span[contains(text(),'Standard Water Usage')]</xpath>
	  </Element>
    <Element name="EnergyTargetCWT" type="HtmlControl">
      <xpath>//span[contains(text(),'Energy Target Cwt')]</xpath>
    </Element>
    <Element name="ReportsTable" type="HtmlControl">
      <id>tblReport</id>
    </Element>
    <Element name="DateRangelabel" type="HtmlControl">
      <xpath> .//*[@id='reportInfoPanel']/div[2]/strong</xpath>
    </Element>
    <Element name="StartDateTimePickr" type="HtmlControl">
      <xpath>.//*[@id='GridFiltersCustomContainer']/div[1]/div/span/span</xpath>
    </Element>
    <Element name="EndDateTimePickr" type="HtmlControl">
      <xpath>.//*[@id='GridFiltersCustomContainer']/div[2]/div/span/span</xpath>
    </Element>
    <Element name="CustomStartDateDay" type="HtmlControl">
      <xpath>html/body/div[8]/div/div[1]/table</xpath>
    </Element>
    <Element name="CustomEndDateDay" type="HtmlControl">
      <xpath>html/body/div[9]/div/div[1]/table</xpath>
    </Element>
    <Element name="CustomStartDateMonth" type="HtmlControl">
      <xpath>html/body/div[8]/div/div[2]/table</xpath>
    </Element>
    <Element name="CustomEndDateMonth" type="HtmlControl">
      <xpath>html/body/div[9]/div/div[2]/table</xpath>
    </Element>
    <Element name="CustomStartDateYear" type="HtmlControl">
      <xpath>html/body/div[8]/div/div[3]/table</xpath>
    </Element>
    <Element name="CustomEndDateYear" type="HtmlControl">
      <xpath>html/body/div[9]/div/div[3]/table</xpath>
    </Element>
    <Element name="ASStartDateDay" type="HtmlControl">
      <xpath>//div[12]/div/div[1]/table</xpath>
    </Element>
    <Element name="ASStartDateMonth" type="HtmlControl">
      <xpath>//div[12]/div/div[2]/table</xpath>
    </Element>
    <Element name="ASStartDateYear" type="HtmlControl">
      <xpath>//div[12]/div/div[3]/table</xpath>
    </Element>
    <Element name="ASEndDateDay" type="HtmlControl">
      <xpath>//div[13]/div/div[1]/table</xpath>
    </Element>
    <Element name="ASEndDateMonth" type="HtmlControl">
      <xpath>//div[13]/div/div[2]/table</xpath>
    </Element>
    <Element name="ASEndDateYear" type="HtmlControl">
      <xpath>//div[13]/div/div[3]/table</xpath>
    </Element>
    <Element name="ADStartDateDay" type="HtmlControl">
      <xpath>//div[14]/div/div[1]/table</xpath>
    </Element>
    <Element name="ADStartDateMonth" type="HtmlControl">
      <xpath>//div[14]/div/div[2]/table</xpath>
    </Element>
    <Element name="ADStartDateYear" type="HtmlControl">
      <xpath>//div[14]/div/div[3]/table</xpath>
    </Element>
    <Element name="ADEndDateDay" type="HtmlControl">
      <xpath>//div[15]/div/div[1]/table</xpath>
    </Element>
    <Element name="ADEndDateMonth" type="HtmlControl">
      <xpath>//div[15]/div/div[2]/table</xpath>
    </Element>
    <Element name="ADEndDateYear" type="HtmlControl">
      <xpath>//div[15]/div/div[3]/table</xpath>
    </Element>
    <Element name="CCStartDateDay" type="HtmlControl">
      <xpath>//div[16]/div/div[1]/table</xpath>
    </Element>
    <Element name="CCStartDateMonth" type="HtmlControl">
      <xpath>//div[16]/div/div[2]/table</xpath>
    </Element>
    <Element name="CCStartDateYear" type="HtmlControl">
      <xpath>//div[16]/div/div[3]/table</xpath>
    </Element>
    <Element name="CCEndDateDay" type="HtmlControl">
      <xpath>//div[17]/div/div[1]/table</xpath>
    </Element>
    <Element name="CCEndDateMonth" type="HtmlControl">
      <xpath>//div[17]/div/div[2]/table</xpath>
    </Element>
    <Element name="CCEndDateYear" type="HtmlControl">
      <xpath>//div[17]/div/div[3]/table</xpath>
    </Element>
    <Element name="OSStartDateDay" type="HtmlControl">
      <xpath>//div[18]/div/div[1]/table</xpath>
    </Element>
    <Element name="OSStartDateMonth" type="HtmlControl">
      <xpath>//div[18]/div/div[2]/table</xpath>
    </Element>
    <Element name="OSStartDateYear" type="HtmlControl">
      <xpath>//div[18]/div/div[3]/table</xpath>
    </Element>
    <Element name="OSEndDateDay" type="HtmlControl">
      <xpath>//div[19]/div/div[1]/table</xpath>
    </Element>
    <Element name="OSEndDateMonth" type="HtmlControl">
      <xpath>//div[19]/div/div[2]/table</xpath>
    </Element>
    <Element name="OSEndDateYear" type="HtmlControl">
      <xpath>//div[19]/div/div[3]/table</xpath>
    </Element>
    <Element name="ViewCategory" type="HtmlControl">
      <xpath>.//span[@class='reports-icon view']</xpath>
    </Element>
    <Element name="PSViewCategoryCentral" type="HtmlControl">
      <xpath>.//*[@id='divribbonFilters']//span[@class = 'reports-icon view']</xpath>
    </Element>
    <Element name="StartDateDay" type ="HtmlControl">
      <xpath>//div[@class='bootstrap-datetimepicker-widget dropdown-menu picker-open bottom']/div/div[1]/table</xpath>
    </Element>
    <Element name="StartDateMonth" type ="HtmlControl">
      <xpath>//div[@class='bootstrap-datetimepicker-widget dropdown-menu picker-open bottom']/div/div[2]/table</xpath>
    </Element>
    <Element name="StartDateYear" type ="HtmlControl">
      <xpath>//div[@class='bootstrap-datetimepicker-widget dropdown-menu picker-open bottom']/div/div[3]/table</xpath>
    </Element>
    <Element name="ASStartDateDay" type="HtmlControl">
      <xpath>//div[11]/div/div[1]/table</xpath>
    </Element>
    <Element name="ASStartDateMonth" type="HtmlControl">
      <xpath>//div[11]/div/div[2]/table</xpath>
    </Element>
    <Element name="ASStartDateYear" type="HtmlControl">
      <xpath>//div[11]/div/div[3]/table</xpath>
    </Element>
    <Element name="ASEndDateDay" type="HtmlControl">
      <xpath>//div[12]/div/div[1]/table</xpath>
    </Element>
    <Element name="ASEndDateMonth" type="HtmlControl">
      <xpath>//div[12]/div/div[2]/table</xpath>
    </Element>
    <Element name="ASEndDateYear" type="HtmlControl">
      <xpath>//div[12]/div/div[3]/table</xpath>
    </Element>
    <Element name="ADStartDateDay" type="HtmlControl">
      <xpath>//div[11]/div/div[1]/table</xpath>
    </Element>
    <Element name="ADStartDateMonth" type="HtmlControl">
      <xpath>//div[11]/div/div[2]/table</xpath>
    </Element>
    <Element name="ADStartDateYear" type="HtmlControl">
      <xpath>//div[11]/div/div[3]/table</xpath>
    </Element>
    <Element name="ADEndDateDay" type="HtmlControl">
      <xpath>//div[12]/div/div[1]/table</xpath>
    </Element>
    <Element name="ADEndDateMonth" type="HtmlControl">
      <xpath>//div[12]/div/div[2]/table</xpath>
    </Element>
    <Element name="ADEndDateYear" type="HtmlControl">
      <xpath>//div[12]/div/div[3]/table</xpath>
    </Element>
    <Element name="CCStartDateDay" type="HtmlControl">
      <xpath>//div[11]/div/div[1]/table</xpath>
    </Element>
    <Element name="CCStartDateMonth" type="HtmlControl">
      <xpath>//div[11]/div/div[2]/table</xpath>
    </Element>
    <Element name="CCStartDateYear" type="HtmlControl">
      <xpath>//div[11]/div/div[3]/table</xpath>
    </Element>
    <Element name="CCEndDateDay" type="HtmlControl">
      <xpath>//div[12]/div/div[1]/table</xpath>
    </Element>
    <Element name="CCEndDateMonth" type="HtmlControl">
      <xpath>//div[12]/div/div[2]/table</xpath>
    </Element>
    <Element name="CCEndDateYear" type="HtmlControl">
      <xpath>//div[12]/div/div[3]/table</xpath>
    </Element>
    <Element name="OSStartDateDay" type="HtmlControl">
      <xpath>//div[11]/div/div[1]/table</xpath>
    </Element>
    <Element name="OSStartDateMonth" type="HtmlControl">
      <xpath>//div[11]/div/div[2]/table</xpath>
    </Element>
    <Element name="OSStartDateYear" type="HtmlControl">
      <xpath>//div[11]/div/div[3]/table</xpath>
    </Element>
    <Element name="OSEndDateDay" type="HtmlControl">
      <xpath>//div[12]/div/div[1]/table</xpath>
    </Element>
    <Element name="OSEndDateMonth" type="HtmlControl">
      <xpath>//div[12]/div/div[2]/table</xpath>
    </Element>
    <Element name="OSEndDateYear" type="HtmlControl">
      <xpath>//div[12]/div/div[3]/table</xpath>
    </Element>
    <Element name="ProductEfficiencyTab" type ="HtmlControl">
      <xpath>//a[contains(text(),'Production Efficiency')]</xpath>
    </Element>
    <Element name="TimeCategory" type="HtmlControl">
      <xpath>.//input[@viewname='Time']</xpath>
    </Element>
    <Element name="ddlPlants" type="HtmlSelect">
      <id>ddlPlants</id>
    </Element>
    <Element name="ddlMachineGroup" type="HtmlSelect">
      <id>ddlHierarchy1</id>
    </Element>
    <Element name="ddlMachine" type="HtmlSelect">
      <id>ddlHierarchy2</id>
    </Element>
    <Element name="PTimeCategoryCentral" type="HtmlControl">
      <xpath>//span[text()='Time']</xpath>
    </Element>
    <Element name="PLocationCategoryCentral" type="HtmlControl">
      <xpath>//span[text()='Location']</xpath>
    </Element>
    <Element name="FormulaSegment" type="HtmlControl">
      <xpath>//input[@name='Formula Segment']</xpath>
    </Element>
    <Element name="FormulaCategoryCentral" type="HtmlControl">
      <xpath>//span[text()='Formula Category']</xpath>
    </Element>
    <Element name="PFormulaCategoryCentral" type="HtmlControl">
      <xpath>//span[text()='Formula']</xpath>
    </Element>
    <Element name="rdoFormulaSegment" type="HtmlControl">
      <xpath>//input[@viewname='Formula Segment']</xpath>
    </Element>
    <Element name="LocationCategory" type="HtmlControl">
      <xpath>.//input[@viewname='Location']</xpath>
    </Element>
    <Element name="CategoryHeader" type="HtmlControl">
      <xpath>.//div[@class='reporttable-outer']/table/thead/tr</xpath>
    </Element>
    <Element name="ReportNameBreadCrumb" type="HtmlControl">
      <xpath>.//*[@id='breadCrumbContainer']/li[4]</xpath>
    </Element>
    <Element name="PSChartTypeCentral" type="HtmlControl">
      <id>chatType</id>
    </Element>
    <Element name="ReportGrid" type="HtmlControl">
      <id>tblreport</id>
    </Element>
    <Element name="NorecordsText" type="HtmlControl">
      <xpath>.//*[@id='tblReport']//tr/td/div</xpath>
    </Element>
    <Element name="Filter" type="HtmlControl">
      <xpath>.//*[@id='divRibbon']//span[@class='reports-icon chartfilter']</xpath>
    </Element>
    <Element name="ProdSummaryMachGroup" type="HtmlControl">
      <xpath>.//*[@id='div_5']/div[2]/div/button</xpath>
    </Element>
    <Element name="MachineGrpSelectAll" type="HtmlControl">
      <xpath>.//*[@id='div_5']/div[2]/div/ul/li[1]/a/label/input</xpath>
    </Element>
    <Element name="Braun675lb" type="HtmlControl">
      <xpath>//label[contains(text(),'Braun 675 lb')]/input</xpath>
    </Element>
    <Element name="ApplyFilter" type="HtmlControl">
      <id>btnFilter</id>
    </Element>
    <Element name="ChkFormulaSegment" type="HtmlControl">
      <id>7</id>
    </Element>
    <Element name="drpFormulaSegment" type="HtmlControl">
      <xpath>.//*[@id='div_7']/div[2]/div/button</xpath>
    </Element>
    <Element name="FormSegSelectAll" type="HtmlControl">
      <xpath>.//*[@id='div_7']/div[2]/div/ul/li[1]/a/label/input</xpath>
    </Element>
    <Element name="HealthCare" type="HtmlControl">
      <xpath>//label[contains(text(),'Health Care')]/input</xpath>
    </Element>
    <Element name="AlarmDetails" type="HtmlControl">
      <xpath>//a[contains(text(),'Alarms Details')]</xpath>
    </Element>
    <Element name="WasherNumber" type="HtmlControl">
      <xpath>//span[contains(text(),'Washer #')]/preceding-sibling::input</xpath>
    </Element>
    <Element name="BatchNumber" type="HtmlControl">
      <xpath>//span[contains(text(),'Batch #')]/preceding-sibling::input</xpath>
    </Element>
    <Element name="PumpValveNumber" type="HtmlControl">
      <xpath>//span[contains(text(),'Pump/Valve #')]/preceding-sibling::input</xpath>
    </Element>
    <Element name="ChemicalName" type="HtmlControl">
      <xpath>//span[contains(text(),'Chemical Name')]/preceding-sibling::input</xpath>
    </Element>
    <Element name="InjectionNumber" type="HtmlControl">
      <xpath>//span[contains(text(),'Injection #')]/preceding-sibling::input</xpath>
    </Element>
    <Element name="FormulaNumber" type="HtmlControl">
      <xpath>//span[contains(text(),'Formula #')]/preceding-sibling::input</xpath>
    </Element>
    <Element name="TargetConsumption" type="HtmlControl">
      <xpath>//span[contains(text(),'Standard Consumption')]/preceding-sibling::input</xpath>
    </Element>
    <Element name="AverageConsumption" type="HtmlControl">
      <xpath>//span[contains(text(),'Average Consumption')]/preceding-sibling::input</xpath>
    </Element>
    <Element name="AverageDailyConsumption" type="HtmlControl">
      <xpath>//span[contains(text(),'Avg. Daily Consumption')]/preceding-sibling::input</xpath>
    </Element>
    <Element name="CostExcess" type="HtmlControl">
      <xpath>//span[contains(text(),'Excess Cost')]/preceding-sibling::input</xpath>
    </Element>
    <Element name="AvgDailyNeedsLY" type="HtmlControl">
      <xpath>//span[contains(text(),'Avg. Daily Needs LY')]/preceding-sibling::input</xpath>
    </Element>
    <Element name="AvgDailyNeedsforIP" type="HtmlControl">
      <xpath>//span[contains(text(),'Avg. Daily Needs For Inventory Period')]/preceding-sibling::input</xpath>
    </Element>
    <Element name="AvgDailyCostYTD" type="HtmlControl">
      <xpath>//span[contains(text(),'Avg. Daily Cost YTD($/Cwt)')]/preceding-sibling::input</xpath>
    </Element>
    <Element name="AvgDailyCostloadYTD" type="HtmlControl">
      <xpath>//span[contains(text(),'Avg. Daily Cost Cwt YTD($/Cwt)')]/preceding-sibling::input</xpath>
    </Element>
    <Element name="Daybeforeoutofstock" type="HtmlControl">
      <xpath>//span[contains(text(),'Inventory Days')]/preceding-sibling::input</xpath>
    </Element>
    <Element name="Customercategory" type="HtmlControl">
      <xpath>//input[@viewname='Plant Customer']</xpath>
    </Element>
    <Element name="Formulacategory" type="HtmlControl">
      <xpath>//input[@viewname='Formula']</xpath>
    </Element>
    <Element name="btnAddMoreFilters" type="HtmlControl">
      <xpath>//button[contains(text(),'Add More Filters')]</xpath>
    </Element>
    <Element name="ActualProductionColumnAdd1" type="HtmlControl">
      <xpath>//span[contains(text(),'Actual Production (kgs/hr)')]</xpath>
    </Element>
    <Element name="ActualProductionColumnAdd2" type="HtmlControl">
      <xpath>//span[contains(text(),'Actual Production (kgs)')]</xpath>
    </Element>
    <Element name="PSFilterCentral" type="HtmlControl">
      <xpath>//*[@id='divribbonFilters']//span[@class =  'reports-icon chartfilter']</xpath>
    </Element>
	  <Element name="PSAddColumn" type="HtmlControl">
		  <xpath>//*[@id='divribbonFilters']//span[@class =  'reports-icon custcolumn']</xpath>
	  </Element>
    <Element name="PActualProductionCentral" type="HtmlControl">
      <xpath>.//*[@id='optionalColumns']/li/ul/li[1]/label/span</xpath>
    </Element>
    <Element name="PStandardProductionCentral" type="HtmlControl">
      <xpath>.//*[@id='optionalColumns']/li/ul/li[2]/label/span</xpath>
    </Element>
    <Element name="PNumOfPiecesCentral" type="HtmlControl">
      <xpath>.//*[@id='optionalColumns']/li/ul/li[3]/label/span</xpath>
    </Element>
    <Element name="PStandardProduction" type="HtmlControl">
      <xpath>.//*[@id='optionalColumns']/li/ul/li[4]/label/span</xpath>
    </Element>
    <Element name="RuntimeEfficiencyCentral" type="HtmlControl">
      <xpath>.//*[@id='optionalColumns']/li[1]/ul/li[1]/label/span</xpath>
    </Element>
    <Element name="ActualChemicalUsage" type="HtmlControl">
      <xpath>.//*[@id='optionalColumns']/li[2]/ul/li[1]/label/span</xpath>
    </Element>
    <Element name="ExcessRuntime" type="HtmlControl">
      <xpath>.//*[@id='optionalColumns']/li[1]/ul/li[3]/label/span</xpath>
    </Element>
    <Element name="ProductionVariance" type="HtmlControl">
      <xpath>.//*[@id='optionalColumns']/li/ul/li[5]/label/span</xpath>
    </Element>
    <Element name="AddColumnRewash" type="HtmlControl">
      <xpath>.//*[@id='optionalColumns']/li/ul/li[6]/label/span</xpath>
    </Element>
    <Element name="LoadEfficiency" type="HtmlControl">
      <xpath>.//*[@id='optionalColumns']/li/ul/li[7]/label/span</xpath>
    </Element>
    <Element name="PSFilterMachineType" type="HtmlControl">
      <xpath>.//button[@title='Conventional, Tunnel']</xpath>
    </Element>
    <Element name="FinancialsTab" type="HtmlControl">
      <xpath>//a[contains(text(),'Financials')]</xpath>
    </Element>
    <Element name="CostSummary" type="HtmlControl">
      <xpath>.//*[@id='divMenu']/div/ul/li[4]/ul/li[3]/a</xpath>
    </Element>
    <Element name="R12" type="HtmlControl">
      <id>R12</id>
    </Element>
    <Element name="customContainer" type="HtmlControl">
      <xpath>.//*[@id='GridFiltersCustomContainer']</xpath>
    </Element>
    <Element name="standardContainer" type="HtmlControl">
      <xpath>.//*[@id='GridFiltersStandardContainer']</xpath>
    </Element>
    <Element name="btnAddMoreFilters" type="HtmlControl">
      <xpath>//button[contains(text(),'Add More Filters')]</xpath>
    </Element>
    <Element name="drpFormulaSegment" type="HtmlControl">
      <xpath>.//*[@id='div_7']/div[2]/div/button</xpath>
    </Element>
    <Element name="FormulaSegmentItem" type="HtmlControl">
      <xpath>//label[contains(text(),'Formula Seg 1')]</xpath>
    </Element>
    <Element name="inpNoOfLoads" type="HtmlControl">
      <xpath>.//input[@colname='No. of Loads']</xpath>
    </Element>
    <Element name="inpExcessChemicalCost" type="HtmlControl">
      <xpath>.//input[@colname='Excess Chemical Cost']</xpath>
    </Element>
    <Element name="inpExcessTotalCost" type="HtmlControl">
      <xpath>.//input[@colname='Excess Total Cost']</xpath>
    </Element>
    <Element name="StandardConsumption" type="HtmlControl">
      <xpath>//span[contains(text(),'Standard Consumption')]</xpath>
    </Element>
    <Element name="Meters" type="HtmlControl">
      <xpath>//a[contains(text(),'Meters')]</xpath>
    </Element>
    <Element name="ddlPlants" type="HtmlControl">
      <id>ddlPlants</id>
    </Element>
    <Element name="ddlMeterType" type="HtmlControl">
      <id>ddlHierarchy1</id>
    </Element>
    <Element name="ddlMeter" type="HtmlControl">
      <id>ddlHierarchy2</id>
    </Element>
    <Element name="WPADCustDateRangeLbl" type="HtmlControl">
      <xpath>.//*[@id='reportInfoPanel']/div[4]/strong</xpath>
    </Element>
    <Element name="WPADAddFiltDisp" type="HtmlControl">
      <xpath>.//input[@name='Dispenser']</xpath>
    </Element>
    <Element name="WPADColWash" type="HtmlControl">
      <xpath>.//span[contains(text(),'Washer Number')]</xpath>
    </Element>
    <Element name="WPADColDV" type="HtmlControl">
      <xpath>.//span[contains(text(),'Desired Value')]</xpath>
    </Element>
    <Element name="WPADColForm" type="HtmlControl">
      <xpath>.//span[contains(text(),'Formula #')]</xpath>
    </Element>
    <Element name="WPADColStatus" type="HtmlControl">
      <xpath>.//span[contains(text(),'Status')]</xpath>
    </Element>
    <Element name="CRTimeCategory" type="HtmlControl">
      <xpath>.//*[@id='divribbonFilters']//span[@class ='reports-icon view']</xpath>
    </Element>
    <Element name="WPADCustStartDatDay" type="HtmlControl">
      <xpath>html/body/div[13]/div/div[1]/table</xpath>
    </Element>
    <Element name="WPADCustStartDatMonth" type="HtmlControl">
      <xpath>html/body/div[13]/div/div[2]/table</xpath>
    </Element>
    <Element name="WPADCustStartDatYear" type="HtmlControl">
      <xpath>html/body/div[13]/div/div[3]/table</xpath>
    </Element>
    <Element name="WPADCustEndDatDay" type="HtmlControl">
      <xpath>html/body/div[14]/div/div[1]/table</xpath>
    </Element>
    <Element name="WPADCustEndDatMonth" type="HtmlControl">
      <xpath>html/body/div[14]/div/div[2]/table</xpath>
    </Element>
    <Element name="WPADCustEndDatYear" type="HtmlControl">
      <xpath>html/body/div[14]/div/div[3]/table</xpath>
    </Element>
    <Element name="ProcessValRedFlagLink" type="HtmlControl">
      <xpath>.//a[contains(text(),'Red Flags')]</xpath>
    </Element>
    <Element name="PVRejectedBatchesReportsGrid" type="HtmlControl">
      <xpath>.//*[@id='tblReport']/tbody[1]/tr/td/div/span</xpath>
    </Element>
    <Element name="CRFormulaCategory" type="HtmlControl">
      <xpath>//span[text()='Formula']</xpath>
    </Element>
    <Element name="ProcessValRejectedBatchesLink" type="HtmlControl">
      <xpath>.//a[contains(text(),'Rejected Batches')]</xpath>
    </Element>
    <Element name="tabProcessValidationDetails" type="HtmlControl">
      <xpath>//a[contains(text(),'Process Validation Details')]</xpath>
    </Element>
    <Element name="WPPVFiltMachineType" type="HtmlControl">
      <xpath>.//label[contains(text(),'2:Braun 675 lb_2')]</xpath>
    </Element>
    <Element name="cboBatch" type="HtmlControl">
      <xpath>.//*[@id='cboBatch']</xpath>
    </Element>
    <Element name="BatchDetailsTable" type="HtmlControl">
      <xpath>//*[@id="divBatchDetail"]//table[@id="tblReport"]</xpath>
    </Element>
    <Element name="BatchInjectionTable" type="HtmlControl">
      <xpath>.//*[@id='divBatchInjection']//table[@id="tblReport"]</xpath>
    </Element>
    <Element name="BatchWashTable" type="HtmlControl">
      <xpath>.//*[@id='divBatchWashStep']//table[@id="tblReport"]</xpath>
    </Element>
    <Element name="SelectMachine" type="HtmlControl">
      <xpath>.//*[@id='divProcessDetailSelection']/div/div[1]/div/div[4]/div[2]/div/ul/li[3]/a/label</xpath>
    </Element>
    <Element name="PVDetailsDate" type="HtmlControl">
      <xpath>.//*[@id='divProcessDetailSelection']/div/div[1]/div/div[1]/div/div/div/span/span</xpath>
    </Element>
    <Element name="PVDDay" type="HtmlControl">
      <xpath>html/body/div[11]/div/div[1]/table</xpath>
    </Element>
    <Element name="PVDeMonth" type="HtmlControl">
      <xpath>html/body/div[11]/div/div[2]/table</xpath>
    </Element>
    <Element name="PVDYear" type="HtmlControl">
      <xpath>html/body/div[11]/div/div[3]/table</xpath>
    </Element>
    <Element name="ProcessValSummaryLink" type="HtmlControl">
      <xpath>.//a[contains(text(),'Process Validation Summary')]</xpath>
    </Element>
    <Element name="WPPVSFiltMachines" type="HtmlControl">
      <xpath>.//*[@id="div_6"]/div[2]/div/button</xpath>
    </Element>
    <Element name="WPPVSFilSelectAll" type="HtmlControl">
      <xpath>//*[@id="div_6"]/div[2]/div/ul/li[1]/a/label</xpath>
    </Element>
    <Element name="PVSummaryDate" type="HtmlControl">
      <xpath>.//*[@id='divCustomDate']/span/span</xpath>
    </Element>
    <Element name="ProcValSumDay" type="HtmlControl">
      <xpath>html/body/div[10]/div/div[1]/table</xpath>
    </Element>
    <Element name="ProcValSumMonth" type="HtmlControl">
      <xpath>html/body/div[10]/div/div[2]/table</xpath>
    </Element>
    <Element name="ProcValSumYear" type="HtmlControl">
      <xpath>html/body/div[10]/div/div[3]/table</xpath>
    </Element>
    <Element name="tabReportsCentral" type="HtmlControl">
      <xpath>.//*[@id='top-mainmenu-container']/li[1]/a</xpath>
    </Element>
    <Element name="tabEcolabInternalCentral" type="HtmlControl">
      <xpath>.//*[@id='divMenu']/div/ul/li[5]/a</xpath>
    </Element>
    <Element name="accountSummary" type="HtmlControl">
      <xpath>.//a[contains(text(),'Account Summary')]</xpath>
    </Element>
    <Element name="AddToFavourite" type="HtmlControl">
      <xpath>.//*[@id='reportHeader']/span[4]</xpath>
    </Element>
    <Element name="SaveReportAsFavorite" type="HtmlControl">
      <xpath>.//*[@id='favReportPopup_wnd_title']</xpath>
    </Element>
    <Element name="ReportName" type="HtmlControl">
      <xpath>.//*[@id='ReportName']</xpath>
    </Element>
    <Element name="AutoMaticallyGenerated" type="HtmlSelect">
      <xpath>.//*[@id='ddlScheduleTypes']</xpath>
    </Element>
    <Element name="SaveButton" type="HtmlControl">
      <xpath>.//*[@id='btn_saveFav']</xpath>
    </Element>
    <Element name="Favourite" type="HtmlControl">
      <xpath>.//*[@id='divMenu']/div/ul/li[6]/a</xpath>
    </Element>
    <Element name="FavouriteMenu" type="HtmlControl">
      <xpath>.//*[@id='divMenu']/div/ul/li[6]/ul</xpath>
    </Element>
    <Element name="DownloadExcel" type="HtmlControl">
      <xpath>//span[contains(text(),'Export to Excel')]</xpath>
    </Element>
    <Element name="DownloadPDF" type="HtmlControl">
      <xpath>.//span[contains(text(),'Export to PDF')]</xpath>
    </Element>
    <Element name="YesButton" type="HtmlControl">
      <xpath>//button[contains(text(),'Yes')]</xpath>
    </Element>
    <Element name="fFEvaluation" type="HtmlControl">
      <xpath>.//a[contains(text(),'FF evaluation')]</xpath>
    </Element>
    <Element name="CustomFromDate" type="HtmlControl">
      <xpath>//*[@id="txtFromDate"]</xpath>
    </Element>
    <Element name="CustomToDate" type="HtmlControl">
      <xpath>//*[@id="txtToDate"]</xpath>
    </Element>
    <Element name="PlantSelection" type="HtmlControl">
      <xpath>.//*[@id='div_4']/div[2]/div/button</xpath>
    </Element>
    <Element name="PlantOptionSelection" type="HtmlControl">
      <xpath>//label[contains(text(),'K ST CLOUD')]/input</xpath>
    </Element>
    <Element name="ActualChemicalCost" type="HtmlControl">
      <xpath>.//*[@id='optionalColumns']/li/ul/li[1]/label/span</xpath>
    </Element>
    <Element name="StandardChemicalCost" type="HtmlControl">
      <xpath>.//*[@id='optionalColumns']/li/ul/li[2]/label/span</xpath>
    </Element>
    <Element name="ExcessCost" type="HtmlControl">
      <xpath>.//*[@id='optionalColumns']/li/ul/li[3]/label/span</xpath>
    </Element>
    <Element name="ActualUsage" type="HtmlControl">
      <xpath>.//*[@id='optionalColumns']/li/ul/li[4]/label/span</xpath>
    </Element>
    <Element name="StandardUsage" type="HtmlControl">
      <xpath>.//*[@id='optionalColumns']/li/ul/li[5]/label/span</xpath>
    </Element>
    <Element name="MachineTypeSelection" type="HtmlControl">
      <xpath>.//*[@id='div_8']/div[2]/div/button</xpath>
    </Element>
    <Element name="MachineTypeSelectAll" type="HtmlControl">
      <xpath>.//*[@id='div_8']/div[2]/div/ul/li[1]/a/label</xpath>
    </Element>
    <Element name="MachineTypeOptionSelection" type="HtmlControl">
      <xpath>//label[contains(text(),'Conventional')]/input</xpath>
    </Element>
    <Element name="machineHoldTime" type="HtmlControl">
      <xpath>.//a[contains(text(),'Machine Hold Time')]</xpath>
    </Element>
    <Element name="ServicePreparation" type="HtmlControl">
      <xpath>.//a[contains(text(),'Service Preparation')]</xpath>
    </Element>
    <Element name="ReportPanel" type="HtmlControl">
      <xpath>//*[@id="accordion"]</xpath>
    </Element>
    <Element name="SummaryLink" type="HtmlControl">
      <xpath>//*[@id="divServiceTrendData"]/div[1]/a</xpath>
    </Element>
    <Element name="SummaryTable1" type="HtmlControl">
      <xpath>//*[@id="divserviceTrendDetails"]/div/div/table</xpath>
    </Element>
    <Element name="SummaryTable2" type="HtmlControl">
      <xpath>//*[@id="divmyServiceDataDetails"]/div/div/table</xpath>
    </Element>
    <Element name="ProductionTable" type="HtmlControl">
      <xpath>//*[@id="divProductionDetails"]/div/div/table</xpath>
    </Element>
    <Element name="MachinesUtilitiesLink" type="HtmlControl">
      <xpath>//*[@id="divMachinesAndUtilitiesData"]/div[1]/a</xpath>
    </Element>
    <Element name="MachinesUtilitiesTable1" type="HtmlControl">
      <xpath>//*[@id="divWasherProductivityDetails"]/div/div/table</xpath>
    </Element>
    <Element name="MachinesUtilitiesTable2" type="HtmlControl">
      <xpath>//*[@id="divUtilityDataDetails"]/div/div/table</xpath>
    </Element>
    <Element name="ChemicalConsumpLink" type="HtmlControl">
      <xpath>//*[@id="divChemSummaryData"]/div[1]/a</xpath>
    </Element>
    <Element name="ChemicalConsumptionTable" type="HtmlControl">
      <xpath>//*[@id="divChemicalDataDetails"]/div/div/table</xpath>
    </Element>
    <Element name="AlarmRedFlagLink" type="HtmlControl">
      <xpath>//*[@id="divAlarmRedFlagAndRejectedData"]/div[1]/a</xpath>
    </Element>
    <Element name="AlarmRedFlagTable1" type="HtmlControl">
      <xpath>//*[@id="divRedFlagDataDetails"]/div/div/table</xpath>
    </Element>
    <Element name="AlarmRedFlagTable2" type="HtmlControl">
      <xpath>//*[@id="divRejectedDataDetails"]/div/div/table</xpath>
    </Element>
    <Element name="UserSelection" type="HtmlControl">
      <xpath>.//*[@id='div_21']/div[2]/div/button</xpath>
    </Element>
    <Element name="UserSelectAll" type="HtmlControl">
      <xpath>.//*[@id='div_21']/div[2]/div/ul/li[1]/a/label</xpath>
    </Element>
	  <Element name="UserList" type="HtmlControl">
		  <xpath>//*[@id="div_21"]/div[2]/div/ul</xpath>
	  </Element>
    <Element name="UserOptionSelection" type="HtmlControl">
      <xpath>//label[contains(text(),'JASON KRCMA')]/input</xpath>
    </Element>
    <Element name="ActionSelection" type="HtmlControl">
      <xpath>.//*[@id='div_22']/div[2]/div/button</xpath>		
    </Element>
    <Element name="ActionSelectAll" type="HtmlControl">
      <xpath>.//*[@id='div_22']/div[2]/div/ul/li[1]/a/label</xpath>
    </Element>
    <Element name="ActionOptionSelection" type="HtmlControl">
      <xpath>//label[contains(text(),'Login')]/input</xpath>
    </Element>
	  <Element name="CentralActionOptionSelection" type="HtmlControl">
		  <xpath>//label[contains(text(),'ReportGenerated')]/input</xpath>
	  </Element>
    <Element name="userLogCentral" type="HtmlControl">
      <xpath>.//a[contains(text(),'User log')]</xpath>
    </Element>
    <Element name="washingProgramsDetails" type="HtmlControl">
      <xpath>.//a[contains(text(),'Washing Programs Details')]</xpath>
    </Element>
    <Element name="WPPVHealthCareFilt" type="HtmlControl">
      <xpath>.//label[contains(text(),'Health Care')]</xpath>
    </Element>
    <Element name="WPRBFormulaFormSegFilt" type="HtmlControl">
      <xpath>.//input[@name='Formula Segment']</xpath>
    </Element>
    <Element name="UserOptionSelection1" type="HtmlControl">
      <xpath>//label[contains(text(),'Adminstrator User')]/input</xpath>
    </Element>
    <Element name="SelectAll" type="HtmlControl">
      <xpath>.//*[@id='div_5']/div[2]/div/ul/li[1]/a/label/input</xpath>
    </Element>
    <Element name="inpDispenser" type="HtmlControl">
      <xpath>//span[contains(text(),'Dispenser')]</xpath>
    </Element>
    <Element name="chk3ULTRAX1kyle" type="HtmlControl">
      <xpath>//label[contains(text(),'3(ULTRAX1kyle)')]</xpath>
    </Element>
    <Element name="drpDispenser" type="HtmlControl">
      <xpath>//*[@id='div_11']/div[2]/div/button</xpath>
    </Element>
    <Element name="PPlantCustCategoryCentral" type="HtmlControl">
      <xpath>//span[text()='Plant Customer']</xpath>
    </Element>    
    <Element name="DuplicateReportName" type="HtmlControl">
      <xpath>//*[@id="spnDuplicate"]</xpath>
    </Element>
    <Element name="CancelButton" type="HtmlControl">
      <xpath>//*[@id="btn_cancelSaveFav"]</xpath>
    </Element>
	  <Element name="SPProductionLink" type="HtmlControl">
		  <xpath>//*[@id='divProdSummaryData']/div[1]/a</xpath>		   	 	 
	  </Element>
    <Element name="DefaultFilters" type="HtmlControl">
      <xpath>//div[@id='divFilters']</xpath>
    </Element>
    <Element name="AddMoreFilterOptions" type="HtmlControl">
      <xpath>//ul[@class='add-filterslist clear']</xpath>
    </Element>
    <Element name="Help" type="HtmlControl">
      <id>sbmitHelp</id>
    </Element>
    <Element name="HelpHome" type="HtmlControl">
      <id>hlpHome</id>
    </Element>
    <Element name="HomeContent" type="HtmlControl">
      <xpath>.//*[@id='templateContainer']/div/div[1]/div[3]/div</xpath>
    </Element>
    <Element name="HelpMenuDashboard" type="HtmlControl">
      <id>hlpDashboard</id>
    </Element>
    <Element name="HelpMenuDashbordContent" type="HtmlControl">
      <xpath>.//*[@id='templateContainer']/div/div/div[3]/div[1]</xpath>
    </Element>
    <Element name="ReportTitle" type="HtmlControl">
      <id>reportTitle</id>
    </Element>
    <Element name="txtBatchDate" type="HtmlControl">
      <id>txtBatchDate</id>
    </Element>
    <Element name="LoadingMessage" type="HtmlControl">
      <xpath>//*[@id="divLoading"]/div[2]</xpath>
    </Element>
    <Element name="breadCrumb" type="HtmlControl">
      <xpath>.//*[@id='breadCrumbContainer']//span</xpath>
    </Element>
  </FeatureSet>
</ObjectRepository>