﻿<?xml version="1.0" encoding="utf-8" ?>
<ObjectRepository>
  <FeatureSet name="Sensors Tab Controls">
    <Element name="tabSensors" type="HtmlControl">
      <id>tabSensor</id>
    </Element>
    <Element name="lblAddedSuccess" type="HtmlControl">
      <class>k-success-message</class>
    </Element>
    <Element name="SensorTabGrid" type="HtmlControl">
      <xpath>.//*[@id='gridSensor']/div[3]/table</xpath>
    </Element>
    <Element name="btnAddSensor" type="HtmlControl">
      <xpath>//span[contains(text(),'Add Sensor')]</xpath>
    </Element>
    <Element name="btnEditSave" type="HtmlControl">
      <xpath>//span[contains(text(),'Save')]</xpath>
    </Element>
    <Element name="txtAddSensorName" type="HtmlControl">
      <id>txtAddSensorName</id>
    </Element>
    <Element name="btnSaveEditedSensor" type="HtmlButton">
      <xpath>.//*[@id='details-container']//button[1]</xpath>
    </Element>
    <Element name="txtEditSensorName" type="HtmlControl">
      <id>txtSensorName</id>
    </Element>
    <Element name="txtInlinEditSensorName" type="HtmlControl">
      <name>SensorName</name>
    </Element>
    <Element name="txtCalibration" type="HtmlControl">
      <name>Calibration</name>
    </Element>
    <Element name="ddlSensorType" type="HtmlControl">
      <id>ddlAddSensorTypeName</id>
    </Element>
    <Element name="ddlSensorTypeEdited" type="HtmlSelect">
      <id>ddlSensorTypeName</id>
    </Element>
    <Element name="ddlSensorLocation" type="HtmlControl">
      <id>ddlAddSensorLocation</id>
    </Element>
    <Element name="ddlAddMachineName" type="HtmlControl">
      <id>ddlAddMachineName</id>
    </Element>
    <Element name="ddlAddOutPutType" type="HtmlControl">
      <id>ddlAddOutPutType</id>
    </Element>
    <Element name="ddlOutputTypeEdited" type="HtmlSelect">
      <id>ddlOutPutType</id>
    </Element>
    <Element name="DisplayInDashboard" type="HtmlSelect">
      <id>ddlDashboard</id>
    </Element>
    <Element name="txtAddCalibration" type="HtmlControl">
      <id>txtAddCalibration20</id>
    </Element>
    <Element name="ddlAddUoM" type="HtmlControl">
      <id>ddlAddUoM</id>
    </Element>
    <Element name="ddlUoMEdited" type="HtmlSelect">
      <id>ddlUoM</id>
    </Element>
    <Element name="ddlAddSensorController" type="HtmlSelect">
      <id>ddlSensorNumAdd</id>
    </Element>
    <Element name="ddlEditSensorController" type="HtmlControl">
      <id>ddlSensorController</id>
    </Element>
    <Element name="ddlAddChemicalForChart" type="HtmlControl">
      <id>ddlAddChemicalForChart</id>
    </Element>
    <Element name="txtAddAnalogueImputNumber" type="HtmlControl">
      <id>txtAddAnalogueImputNumber</id>
    </Element>
    <Element name="btnUpdate" type="HtmlControl">
      <id>btnUpdate</id>
    </Element>
    <Element name="lblErrorMsg" type="HtmlControl">
      <id>errorMessageAdd</id>
    </Element>
    <Element name="lblDeletionErrorMessage" type="HtmlControl">
      <xpath>.//*[@id='errorDiv']/label</xpath>
    </Element>
    <Element name="btnCancel" type="HtmlControl">
      <id>btnCancel</id>
    </Element>    
    <Element name="btnClose" type="HtmlControl">
      <xpath>//button[@class='btn btn-default pull-left btn-sm cancelRowPopup']</xpath>
    </Element>
    <Element name="lblAddMachineCompartment" type="HtmlControl">
      <id>lblAddMachineCompartment</id>
    </Element>
    <Element name="ddlLanguages" type="HtmlControl">
      <id>ddlLanguages</id>
    </Element>   
    <Element name="GeneralbtnSave" type="HtmlControl">
      <id>btnSave</id>
    </Element>
    <Element name="popupEditor_wnd_title" type="HtmlControl">
      <id>popupEditor_wnd_title</id>
    </Element>
    <Element name="breadCrumbContainer" type="HtmlControl">
      <id>breadCrumbContainer</id>
    </Element>
    <Element name="SensorsEditLabel" type="HtmlLabel">
      <xpath>//span[contains(text(),'Edit Sensor')]</xpath>
    </Element>
    <Element name="SensorsViewLabel" type="HtmlLabel">
      <xpath>//span[contains(text(),'View Sensor')]</xpath>
    </Element>
    <Element name="UserRolesSensorsTabGridTable" type="HtmlControl">
      <xpath>.//*[@id='gridSensor']/div[2]/table</xpath>
    </Element>
    <Element name="UtilityContainerTabs" type="HtmlControl">
      <xpath>.//*[@id='tabUtilitiesContainer']/ul</xpath>
    </Element>
    <Element name="Editcalibration" type="HtmlControl">
      <id>txtEditCalibration4</id>
    </Element>
    <Element name="editsaveSensor" type="HtmlControl">
      <xpath>.//*[@id='details-container']//button[1]</xpath>
    </Element>
  <Element name="SensorMissingMessage" type="HtmlControl">
      <xpath>//span[contains(text(),'Sensor is required')]</xpath>
    </Element>
  </FeatureSet>
</ObjectRepository>
