﻿<?xml version="1.0" encoding="utf-8" ?>
<ObjectRepository>
  <FeatureSet name="UserManagement Tab Page">
    <Element name="tabUserManagement" type="HtmlControl">
      <id>tabUserManagement</id>
    </Element>
    <Element name="UserManagementTable" type="HtmlControl">
      <id>tblUserManagement</id>
    </Element>
    <Element name="AddUser" type="HtmlControl">
      <xpath>//span[contains(text(),'Add User')]</xpath>
    </Element>
    <Element name="txtFirstName" type="HtmlControl">
      <xpath>.//*[@id='details-container']/div[3]/input</xpath>
    </Element>
    <Element name="txtLastName" type="HtmlControl">
      <xpath>.//*[@id='details-container']/div[5]/input</xpath>
    </Element>
    <Element name="txtUpdateUserId" type="HtmlInputText">
      <id>txtUserId</id>
    </Element>
    <Element name="txtUserId" type="HtmlInputText">
      <id>txtUserId</id>
    </Element>
    <Element name="txtEditUserId" type="HtmlControl">
      <xpath>.//*[@id='details-container']/div[7]/input</xpath>
    </Element>
    <Element name="txtEmail" type="HtmlControl">
      <id>.//*[@id='details-container']/div[9]/input</id>
    </Element>
    <Element name="txtContactNo" type="HtmlControl">
      <xpath>.//*[@id='details-container']/div[11]/input</xpath>
    </Element>
    <Element name="txtPassword" type="HtmlControl">
      <id>txtPassword</id>
    </Element>
    <Element name="txtChooseContact" type="HtmlInputText">
      <id>txtContact</id>
    </Element>
    <Element name="ddlUserRoleSelect" type="HtmlControl">
      <id>ddlUserRole></id>
    </Element>
    <Element name="ddlUserRoleImport" type="HtmlSelect">
      <id>ddlUserRole</id>
    </Element>
    <Element name="ddlUserRole" type="HtmlControl">
      <xpath>.//*[@id='details-container']/div[15]/span/select</xpath>
    </Element>
    <Element name="ImportContactTab" type="HtmlControl">
      <xpath>.//*[@id='details-container']/ul[1]/li[2]/label</xpath>
    </Element>
    <Element name="ImportContactSuccessMsg" type="HtmlControl">
      <xpath>.//*[@id='userManagementErrorMsgDiv']/label</xpath>             
    </Element>
    <Element name="Save" type="HtmlControl">
      <id>btnSaveUser</id>
    </Element>
    <Element name="Cancel" type="HtmlControl">
      <id>btnCancel</id>
    </Element>          
    <Element name="userManagementMsgDiv" type="HtmlControl">
      <id>userManagementErrorMsgDiv</id>
    </Element>
    <Element name="form-error" type="HtmlControl">
      <id>form-error</id>
    </Element>
    <Element name="userErrorMsg" type="HtmlControl">
      <id>userErrorMsg</id>
    </Element>  
    <Element name="txtFirstNameInLine" type="HtmlControl">
      <id>txtFirstName</id>
    </Element>
    <Element name="txtEditFirstName" type="HtmlControl">
      <xpath>.//*[@id='details-container']/div[2]/input</xpath>
    </Element>
    <Element name="txtEditLastName" type="HtmlControl">
      <xpath>.//*[@id='details-container']/div[4]/input</xpath>
    </Element>
    <Element name="txtEditUserId" type="HtmlControl">
      <xpath>.//*[@id='details-container']/div[6]/input</xpath>
    </Element>
    <Element name="txtEditEmail" type="HtmlInputText">
      <id>txtEmail</id>
    </Element>
    <Element name="txtEditContactNo" type="HtmlControl">
      <xpath>.//*[@id='details-container']/div[10]/input</xpath>
    </Element>
    <Element name="txtEditPassword" type="HtmlControl">
      <id>txtPassword</id>
    </Element>
    <Element name="ddlEditUserRole" type="HtmlControl">
      <xpath>.//*[@id='details-container']/div[14]/span/select</xpath>
    </Element>
    <Element name="UpdateButton" type="HtmlControl">
      <xpath>.//*[@id='tblUserManagement']/tbody/tr[2]/td[1]/a[4]/span</xpath>
    </Element>
    <Element name="txtEditContact" type="HtmlInputText">
      <id>txtContactNo</id>
    </Element>
    <Element name="txtUpdateEmail" type="HtmlInputText">
      <id>txtEmail</id>
    </Element>
  </FeatureSet>
</ObjectRepository>