﻿<?xml version="1.0" encoding="utf-8" ?>
<ObjectRepository>
	<FeatureSet name="Wash Step Formulas">
		<Element name="tabFormula" type="HtmlControl">
			<id>tabFormula</id>
		</Element>
		<Element name="lblWashStepLocalization" type="HtmlControl">
			<xpath>//label[contains(text(),'Wash Step #')]</xpath>
		</Element>
		<Element name="lblErrMsgTemperature" type="HtmlControl">
			<xpath>//label[contains(text(),'Temperature cannot be Empty.')]</xpath>
		</Element>
		<Element name="lblErrMsgWaterType" type="HtmlControl">
			<xpath>//label[contains(text(),'Please select Water Type')]</xpath>
		</Element>
		<Element name="lblErrMsgRunTime" type="HtmlControl">
			<xpath>//label[contains(text(),'Enter runtime in mm:ss format')]</xpath>
		</Element>
		<Element name="lblErrMsgWashOperation" type="HtmlControl">
			<xpath>//label[contains(text(),'Please select Wash operation')]</xpath>
		</Element>
		<Element name="lblErrMsgWaterLevel" type="HtmlControl">
			<xpath>//label[contains(text(),'Water level cannot be Empty.')]</xpath>
		</Element>
		<Element name="btnAddFormula" type="HtmlControl">
			<xpath>//span[contains(text(),'Add Formula')]</xpath>
		</Element>
		<Element name="GroupNumberColumn" type="HtmlControl">
			<xpath>//span[text()='Group Number']</xpath>
		</Element>
		<Element name="SaveSuccessMessage" type="HtmlControl">
			<xpath>//*[@id='divMessage']/label</xpath>
		</Element>
		<Element name="btnBackWashStep" type="HtmlControl">
			<xpath>//span[contains(text(),'Back to Wash Steps')]</xpath>
		</Element>
		<Element name="errorMsgWashStep" type="HtmlInputText">
			<id>errorDiv_msg</id>
		</Element>
		<Element name="btnSaveWashStep" type="HtmlButton">
			<id>btnSaveWashStep</id>
		</Element>
		<Element name="WGCancel" type="HtmlButton">
			<id>btnCancelWasherGroup</id>
		</Element>
		<Element name="btnCancel" type="HtmlButton">
			<id>btnCancel</id>
		</Element>
		<Element name="btnYesPopUpOnCancel" type="HtmlButton">
			<id>imbYes</id>
		</Element>
		<Element name="txtWashStepNumber" type="HtmlInputText">
			<id>txtWashStepNumber</id>
		</Element>
		<Element name="txtTemperature" type="HtmlInputText">
			<id>txtTemperature</id>
		</Element>
		<Element name="ddlWaterTypes" type="HtmlSelect">
			<id>ddlWaterTypes</id>
		</Element>
		<Element name="txtRunTime" type="HtmlInputText">
			<id>txtRunTime</id>
		</Element>
		<Element name="ddlWashoperation" type="HtmlSelect">
			<id>ddlWashoperation</id>
		</Element>
		<Element name="ddlTunnelStep" type="HtmlSelect">
			<id>ddlTunnelStep</id>
		</Element>
		<Element name="txtWaterLevel" type="HtmlInputText">
			<id>txtWaterLevel</id>
		</Element>
		<Element name="txtNumber" type="HtmlInputText">
			<id>txtNumber</id>
		</Element>
		<Element name="ddlFormulaName" type="HtmlSelect">
			<id>ddlFormulaName</id>
		</Element>
		<Element name="txtNominalLoad" type="HtmlInputText">
			<id>txtNominalLoad</id>
		</Element>
		<Element name="ddlOperations" type="HtmlSelect">
			<id>ddlWashOperations_1</id>
		</Element>
		<Element name="txtNominalLoadConventional" type="HtmlInputText">
			<id>txtNominalLoadConventional</id>
		</Element>
		<Element name="txtWashstepTemperature" type="HtmlInputText">
			<id>txtTemperature_1</id>
		</Element>
		<Element name="txtLoadsPerMonth" type="HtmlInputText">
			<id>txtLoadsPerMonth</id>
		</Element>
		<Element name="txtExtraTime" type="HtmlInputText">
			<id>txtExtraTime</id>
		</Element>
		<Element name="btnAddFormulaSave" type="HtmlButton">
			<id>btnSave</id>
		</Element>
		<Element name="SaveConvProducts" type="HtmlButton">
			<id>btnSaveConventionalProducts</id>
		</Element>
		<Element name="ProductsView" type="HtmlControl">
			<id>lnkProductsView</id>
		</Element>
		<Element name="WashStepsTableGrid" type="HtmlControl">
			<xpath>//*[@id='divWashSteps']/table</xpath>
		</Element>
		<Element name="WasherGroupFormulaTabelGrid" type="HtmlControl">
			<xpath>.//*[@id='tabWasherGroupFormula']/div/div[3]/table</xpath>
		</Element>
		<Element name="btnPopUpCancel" type="HtmlButton">
			<id>imbCancel</id>
		</Element>
		<Element name="btnPopUpOK" type="HtmlButton">
			<id>imbOk</id>
		</Element>
		<Element name="btnAddWashStep" type="HtmlButton">
			<id>btnAddWashStep</id>
		</Element>
	</FeatureSet>
	<FeatureSet name="Washer Group controls">
		<Element name="tabWasherGroup" type="HtmlControl">
			<id>tabWashergroup</id>
		</Element>
		<Element name="SelectPreferredLanguage" type="HtmlControl">
			<id>ddlLanguages</id>
		</Element>
		<Element name="btnUpload" type="HtmlInputButton">
			<atribute>id=btnSave</atribute>
		</Element>
		<Element name="btnAddWasherGroup" type="HtmlButton">
			<xpath>//span[contains(text(),'Add Washer Group')]</xpath>
		</Element>
		<Element name="lblSuccessMsg" type="HtmlControl">
			<name>//*[@id="divMessage"]/label</name>
		</Element>
		<Element name="AddFinisherGroupSave" type="HtmlControl">
			<xpath>//span[contains(text(),'Save')]</xpath>
		</Element>
		<Element name="AddFinisherGroupCancel" type="HtmlControl">
			<xpath>//button[contains(text(),'Cancel')]</xpath>
		</Element>
		<Element name="tabProductDeviation" type="HtmlControl">
			<id>tabProductDeviation</id>
		</Element>
		<Element name="tabFlushTimesAndSetupTom" type="HtmlControl">
			<id>tabFlushTimesAndSetupTom</id>
		</Element>
		<Element name="tabAnalogueDosing" type="HtmlControl">
			<id>tabAnalogueDosing</id>
		</Element>
		<Element name="tabHoldCondition" type="HtmlControl">
			<id>tabHoldCondition</id>
		</Element>
    <Element name="txtFlushTimeValvePumps" type="HtmlInputText">
      <id>txtFlushTimePumps_1</id>
    </Element>
    <Element name="txtFlushTimeME1" type="HtmlInputText">
      <id>txtFlushTimeME_1</id>
    </Element>
    <Element name="txtFlushTimeME2" type="HtmlInputText">
      <id>txtFlushTimeME_2</id>
    </Element>
		<Element name="tabBatchEjectCondition" type="HtmlControl">
			<id>tabBatchEjectCondition</id>
		</Element>
		<Element name="txtDeviation1" type="HtmlInputText">
			<id>txtDeviation_1</id>
		</Element>
		<Element name="txtDeviation2" type="HtmlInputText">
			<id>txtDeviation_2</id>
		</Element>
    <Element name="btnFlushTimesTabSave" type="HtmlButton">
      <id>btnSaveFlushTimeAndSetupTOM</id>
    </Element>
    <Element name="txtAnalogDosingSetPoint" type="HtmlButton">
      <xpath>.//*[@id='frmAnalogueDosing']/table/tbody/tr[1]/td[2]/input</xpath>
    </Element>
    <Element name="txtAnalogDosingPreQuantity" type="HtmlButton">
      <xpath>.//*[@id='frmAnalogueDosing']/table/tbody/tr[1]/td[3]/input</xpath>
    </Element>
    <Element name="btnAnalogDosingTabSave" type="HtmlButton">
      <id>btnSaveAnalogdosing</id>
    </Element>
    <Element name="AnalogDosingTabMessage" type="HtmlControl">
      <id>saveAnalogDosingMessage</id>
    </Element>
    <Element name="SplitCompartment" type="HtmlControl">
      <id>chkSpilCompartment</id>
    </Element>
    <Element name="txtFlushTimeLineWater1" type="HtmlInputText">
      <id>txtFlushTimeLineWater_1</id>
    </Element>
    <Element name="txtFlushTimeLineAir1" type="HtmlInputText">
      <id>txtFlushTimeLineAir_1</id>
    </Element>
	</FeatureSet>
	<FeatureSet name="Add WasherGroup Controls">
		<Element name="txtGroupNumber" type="HtmlInputText">
			<id>txtGroupNumber</id>
		</Element>
		<Element name="txtGroupName" type="HtmlControl">
			<id>txtGroupName</id>
		</Element>
		<Element name="ddlWasherGroupType" type="HtmlSelect">
			<id>ddlWasherGroupType</id>
		</Element>
		<Element name="btnSave1" type="Htmlspan">
			<xpath>//span[contains(text(),'Save')]</xpath>
		</Element>
		<Element name="btnSave" type="HtmlButton">
			<id>btnAddEditWasherGroup</id>
		</Element>
		<Element name="btnBacktoWasherGroup" type="HtmlButton">
			<id>bckbutton</id>
		</Element>
		<Element name="btnAddNewWasher" type="HtmlButton">
			<id>btnAddNewWasher</id>
		</Element>
		<Element name="lblErrorMsg" type="HtmlControl">
			<xpath>//*[@id="divMessage"]/label</xpath>
		</Element>
		<Element name="lblGroupNameErrorMsg " type="HtmlControl">
			<xpath>//*[@id="tabAddWasherGroup"]/div/div[2]/div[4]/label</xpath>
		</Element>
		<Element name="SuccessValidationMessage" type="HtmlControl">
			<class>k-success-message</class>
		</Element>
		<Element name="WasherGroupGridHeader" type="HtmlControl">
			<xpath>.//*[@id='tblWasherGroups']/thead/tr</xpath>
		</Element>
		<Element name="WasherGroupGridTable" type="HtmlControl">
			<xpath>.//*[@id='tabWasherGroupsListContainer']/div/div[2]/table</xpath>
		</Element>
		<Element name="lblViewAccessGroupName" type="HtmlControl">
			<xpath>.//*[@id='tabAddWasherGroup']/div/div[2]/div[4]/label</xpath>
		</Element>
		<Element name="btnOkDelete" type="HtmlButton">
			<xpath>//button[contains(text(),'Ok')]</xpath>
		</Element>
		<Element name="btnSaveAndClose" type="HtmlButton">
			<id>btnSaveAndClose</id>
		</Element>
		<Element name="btnSaveWashGroup" type="HtmlButton">
			<id>btnSaveWashGroup</id>
		</Element>
		<Element name="btnAddEditWasherGroup" type="HtmlButton">
			<xpath>.//*[@id='btnAddEditWasherGroup']</xpath>
		</Element>
		<Element name="btnAddEditSaveAndCloseWasherGroup" type="HtmlButton">
			<id>btnAddEditSaveAndCloseWasherGroup</id>
		</Element>
		<Element name="btnWGPopUpCancelNo" type="HtmlButton">
			<id>imbNo</id>
		</Element>
		<Element name="DivMaxInjections" type="HtmlControl">
			<xpath>.//*[@id='divMaxInjections']/span</xpath>
		</Element>
	</FeatureSet>
</ObjectRepository>