﻿<?xml version="1.0" encoding="utf-8" ?>
<ObjectRepository>
  <FeatureSet name="Washers Tunnel General Tab Page">
    <Element name="btnAddNewWasher" type="HtmlControl">
      <id>btnAddNewWasher</id>
    </Element>
    <Element name="btnAddWasher" type="HtmlControl">
      <id>btnEditNewWasher</id>
    </Element>
    <Element name="txtName" type="HtmlControl">
      <id>txtName</id>
    </Element>
    <Element name="btnWasherGroups" type="HtmlControl">
      <xpath>.//*[@id='leftnav-holder']/ul/li[3]/a</xpath>
    </Element>
    <Element name="btnWasherGroupsSubType" type="HtmlControl">
      <xpath>//a[@class='aMenu leftmenu-item washergroups active']/following-sibling::ul//span[text()='ExampleOne']</xpath>
    </Element>
    <Element name="ddlController" type="HtmlControl">
      <id>ddlController</id>
    </Element>
    <Element name="ddlWasherCapacity" type="HtmlControl">
      <id>txtMaxLoad</id>
    </Element>
    <Element name="ddlWasherMode" type="HtmlControl">
      <id>ddlWasherMode</id>
    </Element>
    <Element name="txtNoOfCompartments" type="HtmlControl">
      <id>txtNoOfCompartments</id>
    </Element>
    <Element name="ddlPress" type="HtmlControl">
      <id>ddlPress</id>
    </Element>
    <Element name="txtPlantWasher" type="HtmlControl">
      <id>txtPlantWasher</id>
    </Element>
    <Element name="ddlModel" type="HtmlControl">
      <id>ddlModel</id>
    </Element>
	  <Element name="MCTunnelWasherCapacity" type="HtmlControl">
		  <id>txtWasherCapacity</id>
	  </Element>
    <Element name="txtMaxLoad" type="HtmlControl">
      <id>txtMaxLoad</id>
    </Element>
     <Element name="MCTunnelWasherCapacity" type="HtmlControl">
      <id>txtWasherCapacity</id>
    </Element>
    <Element name="txtNoOfTanks" type="HtmlControl">
      <id>txtNoOfTanks</id>
    </Element>
    <Element name="ddlTransferType" type="HtmlControl">
      <id>ddlTransferType</id>
    </Element>
    <Element name="txtProgramNo" type="HtmlControl">
      <id>txtProgramNo</id>
    </Element>
    <Element name="btnSaveTunnel" type="HtmlControl">
      <id>btnSaveTunnel</id>
    </Element>
    <Element name="btnCancel" type="HtmlControl">
      <id>btnCancel</id>
    </Element>
    <Element name="txtDescription" type="HtmlControl">
      <id>txtDescription</id>
    </Element>
    <Element name="divMessage" type="HtmlControl">
      <xpath>.//*[@id='divMessage']/label</xpath>
    </Element>
	  <Element name="Message" type="HtmlControl">
		  <xpath>.//*[@id='massage']/span</xpath>
	  </Element>
    <Element name="PlantWasherMessage" type="HtmlControl">
      <xpath>.//*[@id="massage"]/label</xpath>
    </Element>
    <Element name="WasherDeleteMessage" type="HtmlControl">
      <xpath>.//*[@id='errordiv']/label</xpath>
    </Element>
    <Element name="WashersTableGrid" type="HtmlControl">
      <id>tblWashers</id>
    </Element>
	  <Element name="TunnelWashersTableGrid" type="HtmlControl">
		  <xpath>.//*[@id='tabAddWasherGroup']/div/div[4]/table</xpath>
	  </Element>
    <Element name="bckWasherbutton" type="HtmlControl">
      <id>bckbutton</id>
    </Element>
    <Element name="ddlPressOrExtractor" type="HtmlControl">
      <id>ddlPress</id>
    </Element>
    <Element name="WasherMandatorymsg" type="HtmlControl">
      <xpath>//label[contains(text(),'Please enter Name')]</xpath>
    </Element>
    <Element name="WashermodelMandatorymsg" type="HtmlControl">
      <xpath>//label[contains(text(),'Please select Model')]</xpath>
    </Element>
    <Element name="WashermodeMandatorymsg" type="HtmlControl">
      <xpath>//label[contains(text(),'Please select Washer Mode')]</xpath>
    </Element>
    <Element name="PlantWasherMandatorymsg" type="HtmlControl">
      <xpath>//label[contains(text(),'Please enter Plant Washer Number')]</xpath>
    </Element>
    <Element name="NoOfTanksMandotoryMsg" type="HtmlControl">
      <xpath>//label[contains(text(),'Please enter Number of Tanks')]</xpath>
    </Element>
    <Element name="NoOfCompMandatoryMsg" type="HtmlControl">
      <xpath>//label[contains(text(),'Please enter Number of Compartments')]</xpath>
    </Element>
    <Element name="ProgNoMandotoryMsg" type="HtmlControl">
      <xpath>//label[contains(text(),'Please enter Program Number.')]</xpath>
    </Element>    
  </FeatureSet>
</ObjectRepository>