﻿<?xml version="1.0" encoding="utf-8" ?>
<ObjectRepository>
  <FeatureSet name="WasherGroup Formulas Tab Page">
    <Element name="tabWashergroup" type="HtmlControl">
      <id>tabWashergroup</id>
    </Element>
    <Element name="AddWasherGroup" type="HtmlControl">
      <xpath>//span[contains(text(),'Add Washer Group')]</xpath>
    </Element>
    <Element name="tabWashersSetup" type="HtmlControl">
      <xpath>//a[contains(text(),'Setup / Washers')]</xpath>
    </Element>
    <Element name="tabFormula" type="HtmlControl">
      <id>tabFormula</id>
    </Element>
    <Element name="txtGroupNumber" type="HtmlControl">
      <id>txtGroupNumber</id>
    </Element>
    <Element name="txtGroupName" type="HtmlControl">
      <id>txtGroupName</id>
    </Element>
    <Element name="ddlWasherGroupType" type="HtmlControl">
      <id>ddlWasherGroupType</id>
    </Element>
    <Element name="MaxFormulaNumberError" type="HtmlControl">
      <xpath>//label[contains(text(),'Please enter between 1 to 127')]</xpath>
    </Element>
    <Element name="MaxFormulaNumberErrorEU" type="HtmlControl">
      <xpath>//label[contains(text(),'Max 99 formulas can be created')]</xpath>
    </Element>
    <Element name="btnWasherGroupSaveSave" type="HtmlControl">
      <id>btnAddEditWasherGroup</id>
    </Element>
    <Element name="btnSave" type="HtmlButton">
      <id>btnSave</id>
    </Element>
	  <Element name="btnSaveFormula" type="HtmlButton">
		  <id>btnSaveFormula</id>
	  </Element>
	  
	  <Element name="btnCancel" type="HtmlButton">
		  <id>btnCancel</id>
	  </Element>
	  <Element name="btnSaveAndClose" type="HtmlButton">
		  <id>btnSaveAndClose</id>
	  </Element>
	  <Element name="btnContainer" type="HtmlControl">
		  <id>btnContainer</id>
	  </Element>	  
	  <Element name="btnSaveWashStep" type="HtmlButton">
      <id>btnSaveWashStep</id>
    </Element>
    <Element name="txtNotes" type="HtmlInputText">
      <id>txtNotes</id>
    </Element>
    <Element name="ddlWaterType" type="HtmlSelect">
      <id>ddlWaterTypes</id>
    </Element>
    <Element name="ddlWashOperation" type="HtmlSelect">
      <id>ddlWashoperation</id>
    </Element>
    <Element name="divMessageCreate" type="HtmlControl">
      <xpath>.//*[@id='divFormulaMessage']/label</xpath>
    </Element>
    <Element name="FormulaSuccessMessage" type="HtmlControl">
      <xpath>//*[@id='divMessageformula']/label</xpath>
    </Element>	
    <Element name="divMessage" type="HtmlControl">
      <xpath>.//*[@id='divMessage']/label</xpath>
    </Element>
    <Element name="AddFormula" type="HtmlControl">
      <id>btnAddFormula</id>
    </Element>
    <Element name="AddFormulaText" type="HtmlControl">
      <xpath>.//*[@id='btnAddFormula']/span[2]</xpath>
    </Element>
    <Element name="btnBacktoWasherGroups" type="HtmlControl">
      <xpath>//span[contains(text(),'Back to Washer Groups')]</xpath>
    </Element>
    <Element name="bckToFormula" type="HtmlControl">
      <xpath>//span[contains(text(),'Back to Formulas')]</xpath>
    </Element>
    <Element name="txtNumber" type="HtmlControl">
      <id>txtNumber</id>
    </Element>
    <Element name="txtWaterLevel" type="HtmlControl">
      <id>txtWaterLevel</id>
    </Element>
    <Element name="ddlFormulaName" type="HtmlSelect">
      <id>ddlFormulaName</id>
    </Element>
    <Element name="txtNominalLoad" type="HtmlControl">
      <xpath>.//*[@id='tabAddWasherGroup']/div/div[3]/div[3]/div[2]/div/input</xpath>
    </Element>
    <Element name="txtNominalLoadInlineEdit" type="HtmlControl">
      <id>txtNominalLoad</id>
    </Element>
    <Element name="txtLoadsPerMonth" type="HtmlControl">
      <id>txtLoadsPerMonth</id>
    </Element>
    <Element name="txtExtraTime" type="HtmlControl">
      <id>txtExtraTimeDispay</id>
    </Element>
    <Element name="txtExtraTimeeu" type="HtmlControl">
      <id>txtExtraTime</id>
    </Element>
	  <Element name="txtStandardRunTime" type="HtmlControl">
		  <id>txtStandardRunTime</id>
	  </Element>	  
	  <Element name="FormulaCreationSuccessMsg" type="HtmlControl">
      <xpath>.//*[@id='divFormulaMessage']/label</xpath>
    </Element>
    <Element name="FormulasTableGrid" type="HtmlControl">
      <xpath>.//*[@id='tblWasherGroupsFormulas']</xpath>		
	</Element>
    <Element name="WasherGroupsTableGrid" type="HtmlControl">
      <xpath>.//*[@id='tblWasherGroups']</xpath>
    </Element>
	  <Element name="tblAddWashstepProducts" type="HtmlControl">
		  <xpath>.//*[@id='tblAddWashstepProducts']</xpath>
	  </Element>
    <Element name="WashStepsTableGrid" type="HtmlControl">
      <xpath>.//*[@id='tblWashSteps']</xpath>
    </Element>    
    <Element name="formulaNoOfRecords" type="HtmlControl">
      <xpath>.//*[@id='divPaging']/span</xpath>
    </Element>
    <Element name="txtNominalLoadForConventional" type="HtmlControl">
      <id>txtNominalLoadConventional</id>
    </Element>
	  <Element name="txtNominalLoadForTunnel" type="HtmlControl">
		  <id>txtNominalLoadTunnel</id>
	  </Element>
	  <Element name="btnSaveNo" type="HtmlControl">
		  <id>imbNo</id>
	  </Element>
	  <Element name="btnSaveYes" type="HtmlControl">
		  <id>imbYes</id>
	  </Element>
	  <Element name="btnImportFormula" type="HtmlControl">
		  <id>btnImportFormula</id>
	  </Element>
	  <Element name="ImportFormulasGrid" type="HtmlControl">
		  <xpath>//*[@id="divImportFormulas"]/table</xpath>
	  </Element>
    <Element name="CancelInjection" type="HtmlControl">
      <xpath>//*[@id='newPopupwindow']//button[@data-localize ='FIELD_CANCEL']</xpath>
    </Element>
  </FeatureSet>
</ObjectRepository>