﻿<?xml version="1.0" encoding="utf-8" ?>
<ObjectRepository>
  <FeatureSet name="Washers Localization Controls">
    <Element name="SelectPreferredLanguage" type="HtmlSelect">
      <id>ddlLanguages</id>
    </Element>
    <Element name="LFSWasher" type="HtmlSelect">
      <id>ddlLfsWasher</id>
    </Element>
    <Element name="Size" type="HtmlSelect">
      <id>ddlSize</id>
    </Element>
    <Element name="btnUpload" type="HtmlInputButton">
      <atribute>id=btnSave</atribute>
    </Element>
    <Element name="btnAddWasher" type="HtmlInputButton">
      <id>btnEditNewWasher</id>
    </Element>
    <Element name="WaterLevel" type="HtmlControl">
      <id>txtWaterLevel</id>
    </Element>
    <Element name="DeleteWasherYesButton" type="HtmlInputButton">
      <id>imbYes</id>
    </Element>
    <Element name="btnSaveCoventionalWasher" type="HtmlInputButton">
      <id>btnSaveConventionalGeneral</id>
    </Element>
    <Element name="ddlModel" type="HtmlSelect">
      <id>ddlModel</id>
    </Element>
    <Element name="tabWasher" type="HtmlSelect">
      <id>tabWashersList</id>
    </Element>
    <Element name="AddWasherMsg" type="HtmlControl">
      <id>message</id>
    </Element>
    <Element name="txtName" type="HtmlInputText">
      <id>txtName</id>
    </Element>
    <Element name="txtPlantWasherNumber" type="HtmlInputText">
      <id>txtPlantWasherNumber</id>
    </Element>
    <Element name="txtMinimumMachineLoad" type="HtmlInputText">
      <id>txtMinMachineLoad</id>
    </Element>
    <Element name="txtME1Valve1" type="HtmlInputText">
      <xpath>.//*[@id='mainEq1']/div[2]/input</xpath>
    </Element>
    <Element name="txtME1Valve2" type="HtmlInputText">
      <xpath>.//*[@id='mainEq1']/div[3]/input</xpath>
    </Element>
    <Element name="txtME1Valve3" type="HtmlInputText">
      <xpath>.//*[@id='mainEq1']/div[4]/input</xpath>
    </Element>
    <Element name="txtME1Valve4" type="HtmlInputText">
      <xpath>.//*[@id='mainEq1']/div[5]/input</xpath>
    </Element>
    <Element name="txtME1Valve5" type="HtmlInputText">
      <xpath>.//*[@id='mainEq1']/div[6]/input</xpath>
    </Element>
    <Element name="txtME1Valve6" type="HtmlInputText">
      <xpath>.//*[@id='mainEq1']/div[7]/input</xpath>
    </Element>
    <Element name="txtME2Valve1" type="HtmlInputText">
      <xpath>.//*[@id='mainEq2']/div[2]/input</xpath>
    </Element>
    <Element name="txtME2Valve2" type="HtmlInputText">
      <xpath>.//*[@id='mainEq2']/div[3]/input</xpath>
    </Element>
    <Element name="txtME2Valve3" type="HtmlInputText">
      <xpath>.//*[@id='mainEq2']/div[4]/input</xpath>
    </Element>
    <Element name="txtME2Valve4" type="HtmlInputText">
      <xpath>.//*[@id='mainEq2']/div[5]/input</xpath>
    </Element>
    <Element name="txtME2Valve5" type="HtmlInputText">
      <xpath>.//*[@id='mainEq2']/div[6]/input</xpath>
    </Element>
    <Element name="txtME2Valve6" type="HtmlInputText">
      <xpath>.//*[@id='mainEq2']/div[7]/input</xpath>
    </Element>
    <Element name="txtDosingPump1" type="HtmlInputText">
      <xpath>.//*[@id='pumps']/div[2]/input</xpath>
    </Element>
    <Element name="txtDosingPump2" type="HtmlInputText">
      <xpath>.//*[@id='pumps']/div[3]/input</xpath>
    </Element>
    <Element name="txtDosingPump3" type="HtmlInputText">
      <xpath>.//*[@id='pumps']/div[4]/input</xpath>
    </Element>
    <Element name="txtDosingPump4" type="HtmlInputText">
      <xpath>.//*[@id='pumps']/div[5]/input</xpath>
    </Element>
    <Element name="txtDosingPump5" type="HtmlInputText">
      <xpath>.//*[@id='pumps']/div[6]/input</xpath>
    </Element>
    <Element name="txtDosingPump6" type="HtmlInputText">
      <xpath>.//*[@id='pumps']/div[7]/input</xpath>
    </Element>
    <Element name="txtDosingPump7" type="HtmlInputText">
      <xpath>.//*[@id='pumps']/div[8]/input</xpath>
    </Element>
    <Element name="txtDosingPump8" type="HtmlInputText">
      <xpath>.//*[@id='pumps']/div[9]/input</xpath>
    </Element>
    <Element name="txtMCCnctDosngPoint1" type="HtmlInputText">
      <xpath>.//*[@id='TunnelConnectionsSetup']/tbody/tr[1]/td[2]/div/input</xpath>
    </Element>
    <Element name="txtMCCnctDosngPoint2" type="HtmlInputText">
      <xpath>.//*[@id='TunnelConnectionsSetup']/tbody/tr[1]/td[3]/div/input</xpath>
    </Element>
    <Element name="txtMCCnctDosngPoint3" type="HtmlInputText">
      <xpath>.//*[@id='TunnelConnectionsSetup']/tbody/tr[1]/td[4]/div/input</xpath>
    </Element>
    <Element name="txtMCCnctDosngPoint4" type="HtmlInputText">
      <xpath>.//*[@id='TunnelConnectionsSetup']/tbody/tr[1]/td[5]/div/input</xpath>
    </Element>
    <Element name="txtMCCnctDosngPoint5" type="HtmlInputText">
      <xpath>.//*[@id='TunnelConnectionsSetup']/tbody/tr[2]/td[2]/div/input</xpath>
    </Element>
    <Element name="txtMCCnctDosngPoint6" type="HtmlInputText">
      <xpath>.//*[@id='TunnelConnectionsSetup']/tbody/tr[2]/td[3]/div/input</xpath>
    </Element>
    <Element name="txtMCCnctDosngPoint7" type="HtmlInputText">
      <xpath>.//*[@id='TunnelConnectionsSetup']/tbody/tr[2]/td[4]/div/input</xpath>
    </Element>
    <Element name="txtMCCnctDosngPoint8" type="HtmlInputText">
      <xpath>.//*[@id='TunnelConnectionsSetup']/tbody/tr[2]/td[5]/div/input</xpath>
    </Element>
    <Element name="txtMCCnctDosngPoint9" type="HtmlInputText">
      <xpath>.//*[@id='TunnelConnectionsSetup']/tbody/tr[3]/td[2]/div/input</xpath>
    </Element>
    <Element name="txtMCCnctDosngPoint10" type="HtmlInputText">
      <xpath>.//*[@id='TunnelConnectionsSetup']/tbody/tr[3]/td[3]/div/input</xpath>
    </Element>
    <Element name="txtMCCnctDosngPoint11" type="HtmlInputText">
      <xpath>.//*[@id='TunnelConnectionsSetup']/tbody/tr[3]/td[4]/div/input</xpath>
    </Element>
    <Element name="txtMCCnctDosngPoint12" type="HtmlInputText">
      <xpath>.//*[@id='TunnelConnectionsSetup']/tbody/tr[3]/td[5]/div/input</xpath>
    </Element>
    <Element name="txtMCCompsFrValves1" type="HtmlInputText">
      <xpath>.//*[@id='divOtherControllers']/div[2]/div/div[1]/div[1]/input</xpath>
    </Element>
    <Element name="txtMCCompsFrValves2" type="HtmlInputText">
      <xpath>.//*[@id='divOtherControllers']/div[2]/div/div[1]/div[2]/input</xpath>
    </Element>
    <Element name="txtMCCompsFrValves3" type="HtmlInputText">
      <xpath>.//*[@id='divOtherControllers']/div[2]/div/div[1]/div[3]/input</xpath>
    </Element>
    <Element name="txtMCCompsFrValves4" type="HtmlInputText">
      <xpath>.//*[@id='divOtherControllers']/div[2]/div/div[1]/div[4]/input</xpath>
    </Element>
    <Element name="txtMCCompsFrValves9" type="HtmlInputText">
      <xpath>.//*[@id='divOtherControllers']/div[2]/div/div[1]/div[9]/input</xpath>
    </Element>
    <Element name="txtMCCompsFrValves10" type="HtmlInputText">
      <xpath>.//*[@id='divOtherControllers']/div[2]/div/div[1]/div[10]/input</xpath>
    </Element>
    <Element name="txtMCCompsFrValves11" type="HtmlInputText">
      <xpath>.//*[@id='divOtherControllers']/div[2]/div/div[2]/div[1]/input</xpath>
    </Element>
    <Element name="txtMCCompsFrValves12" type="HtmlInputText">
      <xpath>.//*[@id='divOtherControllers']/div[2]/div/div[2]/div[2]/input</xpath>
    </Element>
    <Element name="txtEndOfFormulaNumber" type="HtmlInputText">
      <id>txtEndOfFormula</id>
    </Element>
    <Element name="txtNumberOfCompartments" type="HtmlInputText">
      <id>txtNoOfCompartments</id>
    </Element>
    <Element name="txtWasherCapacity" type="HtmlInputText">
      <id>txtMaxLoad</id>
    </Element>
    <Element name="washerUom" type="HtmlInputText">
      <xpath>//input[@id='txtMaxLoad']/following-sibling::span</xpath>
    </Element>
	  <Element name="washerCapacityUOM" type="HtmlInputText">
		  <xpath>//input[@id='txtWasherCapacity']/following-sibling::span</xpath>
	  </Element>
    <Element name="ddlController" type="HtmlSelect">
      <id>ddlController</id>
    </Element>
    <Element name="ddlWasherMode" type="HtmlSelect">
      <id>ddlWasherMode</id>
    </Element>
    <Element name="txtPlantWasher" type="HtmlControl">
      <id>txtPlantWasher</id>
    </Element>
	  <Element name="cbIsPony" type="HtmlInputCheckBox">
		  <id>cbIsPony</id>
	  </Element>
    <Element name="txtProgramNo" type="HtmlControl">
      <id>txtProgramNo</id>
    </Element>
    <Element name="ddlTransferType" type="HtmlSelect">
      <id>ddlTransferType</id>
    </Element>
    <Element name="ddlWasherGroups" type="HtmlSelect">
      <id>ddlWasherGroups</id>
    </Element>
    <Element name="ddlPress" type="HtmlSelect">
      <id>ddlPress</id>
    </Element>
    <Element name="txtTargetTurntime" type="HtmlInputText">
      <id>txtTargetTurnTime</id>
    </Element>
    <Element name="txtWasherIdleTime" type="HtmlInputText">
      <id>txtDefaultIdleTime</id>
    </Element>
    <Element name="WashersListGridHeader" type="HtmlControl">
      <xpath>.//*[@id='tblWashers']/thead/tr</xpath>
    </Element>
    <Element name="WashersListGridTable" type="HtmlControl">
      <xpath>.//*[@id='tblWashers']</xpath>
    </Element>
    <Element name="ConnectionsTable" type="HtmlControl">
      <id>TunnelConnectionsSetup</id>
    </Element>
    <Element name="SuccessValidationMessage" type="HtmlControl">
      <class>k-success-message</class>
    </Element>
    <Element name="ErrorMessageTunnel" type="HtmlControl">
      <xpath>.//*[@id='massage']/label</xpath>
    </Element>
    <Element name="ResultMessageTunnel" type="HtmlControl">
      <id>massage</id>
    </Element>
    <Element name="WasherUpdationMsg" type="HtmlControl">
      <xpath>.//*[@id='message']/span</xpath>
    </Element>
    <Element name="ErrorMessageConventional" type="HtmlControl">
      <xpath>.//*[@id='message']/label</xpath>
    </Element>
    <Element name="btnSaveTunnel" type="HtmlButton">
      <id>btnSaveTunnel</id>
    </Element>
    <Element name="btnCancel" type="HtmlButton">
      <id>btnCancel</id>
    </Element>
    <Element name="btnOkDelete" type="HtmlButton">
      <xpath>//button[contains(text(),'Ok')]</xpath>
    </Element>
    <Element name="btnCancelDelete" type="HtmlButton">
      <xpath>//button[contains(text(),'Cancel')]</xpath>
    </Element>
    <Element name="btnYesPopUp" type="HtmlButton">
      <xpath>//button[contains(text(),'Yes')]</xpath>
    </Element>
    <Element name="btnNoPopUp" type="HtmlButton">
      <xpath>//button[contains(text(),'No')]</xpath>
    </Element>
    <Element name="btnBacktoWashersLink" type="HtmlButton">
      <xpath>//span[contains(text(),'Back to Washer Groups')]</xpath>
    </Element>
    <Element name="tabWashers" type="HtmlControl">
      <id>tabAddWasherGroup</id>
    </Element>
	  <Element name="tabSetupWasher" type="HtmlControl">
		  <xpath>//a[contains(text(),'Setup / Washers')]</xpath>
	  </Element>
	  <Element name="ConnectionsTabHeader" type="HtmlControl">
		  <xpath>//*[@id="divConnections"]/div/h1</xpath>
	  </Element>
	  <Element name="FlushTimeTabHeader" type="HtmlControl">
		  <xpath>//*[@id="tabFlushTimesAndSetupTom"]/div[1]/h1</xpath>
	  </Element>
	  <Element name="AnalogDosingTabHeader" type="HtmlControl">
		  <xpath>//*[@id="divpHControlSetup"]/h1</xpath>
	  </Element>
	  <Element name="BatchEjectTabHeader" type="HtmlControl">
		  <xpath>//*[@id="tabHoldCondition"]/div[1]/div[3]/div/div[1]</xpath>
	  </Element>
	  <Element name="ProductDeviationTabHeader" type="HtmlControl">
		  <xpath>//*[@id="tabProductDeviation"]/div[1]/div[3]/div[1]/div[2]/label/strong</xpath>
	  </Element>
    <Element name="tabConnections" type="HtmlControl">
      <id>tabConnections</id>
    </Element>	
    <Element name="tabCompartments" type="HtmlControl">
      <id>tabCompartments</id>
    </Element>
    <Element name="NextCompartment" type="HtmlControl">
      <id>lnkNext</id>
    </Element>
	  <Element name="SaveMovePump" type="HtmlControl">
		  <id>btnMovePump</id>
	  </Element>
    <Element name="PreviousCompartment" type="HtmlControl">
      <id>lnkPrev</id>
    </Element>
	  <Element name="WaterLevel" type="HtmlControl">
		  <id>txtWaterLevel</id>
	  </Element>
    <Element name="ButtonControlsArea" type="HtmlControl">
      <xpath>.//*[@id='divChemical']/div/div[2]/div[4]/table/tbody/tr/td[1]</xpath>
    </Element>
    <Element name="ddlCompartment" type="HtmlSelect">
      <id>ddlCompatment</id>
    </Element>
    <Element name="ddlMoveCompartment" type="HtmlSelect">
      <xpath>//label[contains(text(),'Compartment No')]/parent::*/following-sibling::span/select</xpath>
    </Element>
    <Element name="Compartment1" type="HtmlControl">
      <xpath>.//*[@id='divNavigationMenuContainer']/div[1]/ul[1]/li[2]/ul[1]/li[1]/ul[1]/li[1]/ul[1]/li[1]/ul[1]/li[1]/a</xpath>
    </Element>
    <Element name="Compartment2" type="HtmlControl">
      <xpath>.//*[@id='divNavigationMenuContainer']/div[1]/ul[1]/li[2]/ul[1]/li[1]/ul[1]/li[1]/ul[1]/li[1]/ul[1]/li[2]/a</xpath>
    </Element>
    <Element name="Compartment3" type="HtmlControl">
      <xpath>.//*[@id='divNavigationMenuContainer']/div[1]/ul[1]/li[2]/ul[1]/li[1]/ul[1]/li[1]/ul[1]/li[1]/ul[1]/li[3]/a</xpath>
    </Element>
    <Element name="ddlWaterInlet" type="HtmlSelect">
      <id>ddlWaterInlet</id>
    </Element>
    <Element name="ddlWashZone" type="HtmlSelect">
      <id>ddlWashZone</id>
    </Element>
    <Element name="ddlWaterFlow" type="HtmlSelect">
      <id>ddlWaterFlow</id>
    </Element>
    <Element name="ddlChemical" type="HtmlSelect">
      <id>ddlPumps</id>
    </Element>
    <Element name="btnAddPump" type="HtmlButton">
      <id>btnAddPump</id>
    </Element>
    <Element name="btnSaveCompartment" type="HtmlButton">
      <id>btnSaveCompatment</id>
    </Element>
    <Element name="lblSuccessMsg" type="HtmlControl">
      <name>//*[@id="divMessage"]/label</name>
    </Element>
    <Element name="CompartmentChemicalsTableGrid" type="HtmlControl">
      <xpath>.//*[@id='divChemical']/div/div[2]/div[4]/table</xpath>
    </Element>
    <Element name="PumpsTableInCompartmentsTab" type="HtmlControl">
      <id>pumpTable</id>
    </Element>
    <Element name="btnSaveAndCloseConventionalGeneral" type="HtmlInputButton">
      <id>btnSaveAndCloseConventionalGeneral</id>
    </Element>
    <Element name="lnkBackToWasherGroup" type="HtmlInputButton">
      <id>bckbutton</id>
    </Element>
    <Element name="chkAWE" type="HtmlInputCheckBox">
      <id>chkAWE</id>
    </Element>
    <Element name="chkRatioDosingActive" type="HtmlInputCheckBox">
      <id>chkRatioDosingActive</id>
    </Element>
    <Element name="TabWashergroup" type="HtmlInputButton">
      <id>tabWashergroup</id>
    </Element>
    <Element name="btnWasherPopUpCancelNo" type="HtmlButton">
      <id>imbNo</id>
    </Element>
    <Element name="btnCancelWasher" type="HtmlButton">
      <id>btnCancel</id>
    </Element>
    <Element name="txtEndOfFormula" type="HtmlInputText">
      <id>txtEndOfFormula</id>
    </Element>
    <Element name="txtTargetTurntime" type="HtmlInputText">
      <id>txtTargetTurnTime</id>
    </Element>
    <Element name="txtWasherIdleTime" type="HtmlInputText">
      <id>txtDefaultIdleTime</id>
    </Element>
  </FeatureSet>
</ObjectRepository>