﻿<?xml version="1.0" encoding="utf-8" ?>
<ObjectRepository>
  <FeatureSet name="WaterEnergy Tab Controls">
    <Element name="tabUtility" type="HtmlControl">
      <id>tabUtilities</id>
    </Element>
    <Element name="tabActiveTabItem" type="HtmlControl">
      <class>tab active</class>
    </Element>
    <Element name="SteamYes" type="HtmlControl">
      <xpath>//span[contains(text(),'YES')]</xpath>
    </Element>
    <Element name="SteamNo" type="HtmlControl">
      <xpath>//span[contains(text(),'NO')]</xpath>
    </Element>
    <Element name="BoilerType" type="HtmlControl">
      <xpath>//div[@id='tabUtilitiesContainer']/div/div[2]/div/div[15]/div[2]/span/span</xpath>
    </Element>
    <Element name="BoilerOption1" type="HtmlControl">
      <xpath>.//*[@id='boilerType_listbox']/li[contains(text(),'Boiler')]</xpath>
    </Element>
    <Element name="BoilerOption2" type="HtmlControl">
      <xpath>.//*[@id='boilerType_listbox']/li[contains(text(),'Direct Fire')]</xpath>
    </Element>
    <Element name="MainMenubreadcrumb" type="HtmlControl">
      <id>topnav</id>
    </Element>
    <Element name="WETabGridTable" type="HtmlControl">
      <xpath>.//*[@id='gridUtility']/div[3]/table</xpath>
    </Element>
    <Element name="WETabGridTableRoleBased" type="HtmlControl">
      <xpath>.//*[@id='gridUtility']/div[2]/table</xpath>
    </Element>
    <Element name="MainMenubread" type="HtmlControl">
      <id>breadCrumbContainer</id>
    </Element>
    <Element name="SuccessValidationMessage" type="HtmlControl">
      <id>errorDiv</id>
    </Element>
    <Element name="txtColdType" type="HtmlInputText">
      <id>txtColdTemp</id>
    </Element>
    <Element name="txtHotType" type="HtmlInputText">
      <id>txtHotTemp</id>
    </Element>
    <Element name="btnDelete" type="HtmlControl">
      <class>k-icon k-delete k-state-border-down</class>
    </Element>
    <Element name="btnCancel" type="HtmlControl">
      <class>btn btn-default pull-left btn-sm cancelRowPopup</class>
    </Element>
    <Element name="tabWEDevice" type="HtmlControl">
      <id>tabDevice</id>
    </Element>
    <Element name="txtDeviceName" type="HtmlInputText">
      <id>DeviceName_</id>
    </Element>
    <Element name="txtDeviceNameUpdate" type="HtmlInputText">
      <id>txtDeviceName</id>
    </Element>
    <Element name="UpdationSuccessMessage" type="HtmlControl">
      <id>successMsg</id>
    </Element>
    <Element name="btnSaveDevice" type="HtmlButton">
      <id>btnUpdate</id>
    </Element>
    <Element name="SteamError" type="HtmlControl">
      <xpath>//label[contains(text(),'Please enter the Steam Percentage')]</xpath>
    </Element>
    <Element name="BoilerError" type="HtmlControl">
      <xpath>//label[contains(text(),'Please enter the Boiler Percentage')]</xpath>
    </Element>
    <Element name="StackError" type="HtmlControl">
      <xpath>//label[contains(text(),'Please enter the Stack Percentage')]</xpath>
    </Element>
    <Element name="btnUpdateSave" type="HtmlButton">
      <xpath>//*[@id='details-container']/div[18]/button[1]</xpath>
    </Element>
    <Element name="btnAddWEDetails" type="HtmlControl">
      <xpath>//span[@data-localize='FIELD_ADDWEDEVICE']</xpath>
    </Element>
    <Element name="SelectDeviceType" type="HtmlControl">
      <id>ddlDeviceTypeAddNew</id>
    </Element>
    <Element name="SelectDeviceModel" type="HtmlControl">
      <id>ddlDeviceModelAddNew</id>
    </Element>
    <Element name="ddlUpdateDeviceModel" type="HtmlSelect">
      <id>ddlDeviceModel</id>
    </Element>
    <Element name="InstallDate" type="HtmlControl">
      <xpath>.//*[@id='installDate']</xpath>
    </Element>
    <Element name="txtCommentUpdate" type="HtmlControl">
      <id>txtComment</id>
    </Element>
    <Element name="txtComment" type="HtmlControl">
      <id>txtCommentAdd</id>
    </Element>
    <Element name="btnWEUpdate" type="HtmlControl">
      <xpath>//span[contains(text(),'Save')]</xpath>
    </Element>
    <Element name="WEInvalidMsg" type="HtmlControl">
      <class>k-widget k-tooltip k-tooltip-validation k-invalid-msg</class>
    </Element>
    <Element name="btnWECancel" type="HtmlControl">
      <xpath>//button[contains(text(),'Cancel')]</xpath>
    </Element>
    <Element name="WETabGridTableRows" type="HtmlControl">
      <xpath>.//*[@id='gridUtility']/div[3]/table/tbody</xpath>
    </Element>
    <Element name="WEPosition" type="HtmlControl">
      <class>k-input</class>
    </Element>
    <Element name="txtDeviceNameAddNew" type="HtmlControl">
      <id>txtDeviceNameAddNew</id>
    </Element>
    <Element name="DeviceName" type="HtmlControl">
      <name>DeviceName</name>
    </Element>
    <Element name="updateSave" type="HtmlControl">
      <xpath>.//*[@id='details-container']//button[1]</xpath>
    </Element>
  </FeatureSet>
</ObjectRepository>
