<?xml version="1.0" encoding="utf-8" ?>
<TunnelConfig>
  <Tunnels>
    <Tunnel id="1">
      <TopicName>ULTRAX1</TopicName>
      <OPCServerName>RSLinx OPC Server</OPCServerName>
      <InjectionCounterTag>N7:11</InjectionCounterTag>
      <OperationCounterTag>N7:12</OperationCounterTag>
      <FormulaTag>N7:10</FormulaTag>
      <Compartments>
        <Compartment id="1">
          <FormulaIdTag>N7:60</FormulaIdTag>
          <LoadIdTag>N7:80</LoadIdTag>
        </Compartment>
        <Compartment id="2">
          <FormulaIdTag>N7:61</FormulaIdTag>
          <LoadIdTag>N7:81</LoadIdTag>
        </Compartment>
        <Compartment id="3">
          <FormulaIdTag>N7:62</FormulaIdTag>
          <LoadIdTag>N7:82</LoadIdTag>
        </Compartment>
        <Compartment id="4">
          <FormulaIdTag>N7:63</FormulaIdTag>
          <LoadIdTag>N7:83</LoadIdTag>
        </Compartment>
        <Compartment id="5">
          <FormulaIdTag>N7:64</FormulaIdTag>
          <LoadIdTag>N7:84</LoadIdTag>
        </Compartment>
        <Compartment id="6">
          <FormulaIdTag>N7:65</FormulaIdTag>
          <LoadIdTag>N7:85</LoadIdTag>
        </Compartment>
        <Compartment id="7">
          <FormulaIdTag>N7:66</FormulaIdTag>
          <LoadIdTag>N7:86</LoadIdTag>
        </Compartment>
        <Compartment id="8">
          <FormulaIdTag>N7:67</FormulaIdTag>
          <LoadIdTag>N7:87</LoadIdTag>
        </Compartment>
        <Compartment id="9">
          <FormulaIdTag>N7:68</FormulaIdTag>
          <LoadIdTag>N7:88</LoadIdTag>
        </Compartment>
        <Compartment id="10">
          <FormulaIdTag>N7:69</FormulaIdTag>
          <LoadIdTag>N7:89</LoadIdTag>
        </Compartment>
        <Compartment id="11">
          <FormulaIdTag>N7:70</FormulaIdTag>
          <LoadIdTag>N7:90</LoadIdTag>
        </Compartment>
        <Compartment id="12">
          <FormulaIdTag>N7:71</FormulaIdTag>
          <LoadIdTag>N7:91</LoadIdTag>
        </Compartment>
        <Compartment id="13">
          <FormulaIdTag>N7:72</FormulaIdTag>
          <LoadIdTag>N7:92</LoadIdTag>
        </Compartment>
        <Compartment id="14">
          <FormulaIdTag>N7:73</FormulaIdTag>
          <LoadIdTag>N7:93</LoadIdTag>
        </Compartment>
        <Compartment id="15">
          <FormulaIdTag>N7:74</FormulaIdTag>
          <LoadIdTag>N7:94</LoadIdTag>
        </Compartment>
        <Compartment id="16">
          <FormulaIdTag>N7:75</FormulaIdTag>
          <LoadIdTag>N7:95</LoadIdTag>
        </Compartment>
      </Compartments>
    </Tunnel>
  </Tunnels>
</TunnelConfig>