<?xml version="1.0" encoding="utf-8" ?>
<TestCases>
  <TestCase name="ABTunnelSimulation">
    <Tunnel id="1">
      <Batch id="1">
        <MaxTransferTime>12</MaxTransferTime>
        <CurrentFormula>
          <FormulaNumber>1</FormulaNumber>
          <EndOfFormula>127</EndOfFormula>
        </CurrentFormula>
      </Batch>
      <Batch id="2">
        <MaxTransferTime>11</MaxTransferTime>
        <CurrentFormula>
          <FormulaNumber>3</FormulaNumber>
          <EndOfFormula>127</EndOfFormula>
        </CurrentFormula>
      </Batch>
      <Batch id="3">
        <MaxTransferTime>10</MaxTransferTime>
        <CurrentFormula>
          <FormulaNumber>5</FormulaNumber>
          <EndOfFormula>127</EndOfFormula>
        </CurrentFormula>
      </Batch>
      <Batch id="4">
        <MaxTransferTime>10</MaxTransferTime>
        <CurrentFormula>
          <FormulaNumber>7</FormulaNumber>
          <EndOfFormula>127</EndOfFormula>
        </CurrentFormula>
      </Batch>
      <Batch id="5">
        <MaxTransferTime>9</MaxTransferTime>
        <CurrentFormula>
          <FormulaNumber>9</FormulaNumber>
          <EndOfFormula>127</EndOfFormula>
        </CurrentFormula>
      </Batch>
      <Batch id="6">
        <MaxTransferTime>12</MaxTransferTime>
        <CurrentFormula>
          <FormulaNumber>11</FormulaNumber>
          <EndOfFormula>127</EndOfFormula>
        </CurrentFormula>
      </Batch>
      <Batch id="7">
        <MaxTransferTime>9</MaxTransferTime>
        <CurrentFormula>
          <FormulaNumber>13</FormulaNumber>
          <EndOfFormula>127</EndOfFormula>
        </CurrentFormula>
      </Batch>
      <Batch id="8">
        <MaxTransferTime>9</MaxTransferTime>
        <CurrentFormula>
          <FormulaNumber>15</FormulaNumber>
          <EndOfFormula>127</EndOfFormula>
        </CurrentFormula>
      </Batch>
      <Batch id="9">
        <MaxTransferTime>9</MaxTransferTime>
        <CurrentFormula>
          <FormulaNumber>15</FormulaNumber>
          <EndOfFormula>127</EndOfFormula>
        </CurrentFormula>
      </Batch>
      <Batch id="10">
        <MaxTransferTime>12</MaxTransferTime>
        <CurrentFormula>
          <FormulaNumber>19</FormulaNumber>
          <EndOfFormula>127</EndOfFormula>
        </CurrentFormula>
      </Batch>
      <Batch id="11">
        <MaxTransferTime>11</MaxTransferTime>
        <CurrentFormula>
          <FormulaNumber>2</FormulaNumber>
          <EndOfFormula>127</EndOfFormula>
        </CurrentFormula>
      </Batch>
      <Batch id="12">
        <MaxTransferTime>10</MaxTransferTime>
        <CurrentFormula>
          <FormulaNumber>4</FormulaNumber>
          <EndOfFormula>127</EndOfFormula>
        </CurrentFormula>
      </Batch>
      <Batch id="13">
        <MaxTransferTime>10</MaxTransferTime>
        <CurrentFormula>
          <FormulaNumber>6</FormulaNumber>
          <EndOfFormula>127</EndOfFormula>
        </CurrentFormula>
      </Batch>
      <Batch id="14">
        <MaxTransferTime>10</MaxTransferTime>
        <CurrentFormula>
          <FormulaNumber>8</FormulaNumber>
          <EndOfFormula>127</EndOfFormula>
        </CurrentFormula>
      </Batch>
      <Batch id="15">
        <MaxTransferTime>11</MaxTransferTime>
        <CurrentFormula>
          <FormulaNumber>10</FormulaNumber>
          <EndOfFormula>127</EndOfFormula>
        </CurrentFormula>
      </Batch>
      <Batch id="16">
        <MaxTransferTime>11</MaxTransferTime>
        <CurrentFormula>
          <FormulaNumber>12</FormulaNumber>
          <EndOfFormula>127</EndOfFormula>
        </CurrentFormula>
      </Batch>
      <Batch id="17">
        <MaxTransferTime>11</MaxTransferTime>
        <CurrentFormula>
          <FormulaNumber>14</FormulaNumber>
          <EndOfFormula>127</EndOfFormula>
        </CurrentFormula>
      </Batch>
      <Batch id="18">
        <MaxTransferTime>10</MaxTransferTime>
        <CurrentFormula>
          <FormulaNumber>16</FormulaNumber>
          <EndOfFormula>127</EndOfFormula>
        </CurrentFormula>
      </Batch>
      <Batch id="19">
        <MaxTransferTime>11</MaxTransferTime>
        <CurrentFormula>
          <FormulaNumber>18</FormulaNumber>
          <EndOfFormula>127</EndOfFormula>
        </CurrentFormula>
      </Batch>
      <Batch id="20">
        <MaxTransferTime>11</MaxTransferTime>
        <CurrentFormula>
          <FormulaNumber>20</FormulaNumber>
          <EndOfFormula>127</EndOfFormula>
        </CurrentFormula>
      </Batch>
    </Tunnel>
  </TestCase>
</TestCases>
