﻿<?xml version="1.0" encoding="utf-8" ?>
<TestCases>
  <TestCase name="BeckSimulation">
    <OPCServerName>5.28.93.48.1.1:801</OPCServerName>
    <ControllerId id ="1" Type="beckhoff">
      <TopicName>UNIT9</TopicName>
      <Washer BatchId="1">
        <InjectionFrequency>4000</InjectionFrequency>
        <TagAddress>W1_INJ</TagAddress>
        <TagStartValue>0</TagStartValue>
        <AutoWeightEntryActiveTagAddress>W1_AWEA</AutoWeightEntryActiveTagAddress>
        <AutoWeightEntryActive>TRUE</AutoWeightEntryActive>
        <AutoWeightEntryWeightTagAddress>W1_AWEW</AutoWeightEntryWeightTagAddress>
        <AutoWeightEntryWeight>360</AutoWeightEntryWeight>
        <NumberOfInjection>5</NumberOfInjection>
        <OperationCounterTag>W1_OPC</OperationCounterTag>
        <WasherTagAddress>W1_WSNO</WasherTagAddress>
        <WasherValue>30</WasherValue>
        <TurnTime>1</TurnTime>
        <CurrentFormula>
          <TagAddress>W1_FRM</TagAddress>
          <FormulaValue>1</FormulaValue>
          <EndOfFormula>99</EndOfFormula>
        </CurrentFormula>
        <Alarm>
          <ErrorMsgTagAddress>W1_ICLAS</ErrorMsgTagAddress>
          <ErrorCode>4</ErrorCode>
          <FormulaTagAddress>W1_FLSHT</FormulaTagAddress>
        </Alarm>
      </Washer>
      <Washer BatchId="1">
        <InjectionFrequency>4000</InjectionFrequency>
        <TagAddress>W2_INJ</TagAddress>
        <TagStartValue>0</TagStartValue>
        <AutoWeightEntryActiveTagAddress>W2_AWEA</AutoWeightEntryActiveTagAddress>
        <AutoWeightEntryActive>TRUE</AutoWeightEntryActive>
        <AutoWeightEntryWeightTagAddress>W2_AWEW</AutoWeightEntryWeightTagAddress>
        <AutoWeightEntryWeight>360</AutoWeightEntryWeight>
        <NumberOfInjection>5</NumberOfInjection>
        <OperationCounterTag>W2_OPC</OperationCounterTag>
        <WasherTagAddress>W2_WSNO</WasherTagAddress>
        <WasherValue>30</WasherValue>
        <TurnTime>1</TurnTime>
        <CurrentFormula>
          <TagAddress>W2_FRM</TagAddress>
          <FormulaValue>2</FormulaValue>
          <EndOfFormula>99</EndOfFormula>
        </CurrentFormula>
        <Alarm>
          <ErrorMsgTagAddress>W2_ICLAS</ErrorMsgTagAddress>
          <ErrorCode>4</ErrorCode>
          <FormulaTagAddress>W2_FLSHT</FormulaTagAddress>
        </Alarm>
      </Washer>
     <!-- <Washer BatchId="2">
        <InjectionFrequency>300000</InjectionFrequency>
        <TagAddress>N7:51</TagAddress>
        <TagStartValue>0</TagStartValue>
        <AutoWeightEntryActiveTagAddress>B3:17/6</AutoWeightEntryActiveTagAddress>
        <AutoWeightEntryActive>0</AutoWeightEntryActive>
        <AutoWeightEntryWeightTagAddress>N10:121</AutoWeightEntryWeightTagAddress>
        <AutoWeightEntryWeight>360</AutoWeightEntryWeight>
        <NumberOfInjection>4</NumberOfInjection>
        <OperationCounterTag>N7:52</OperationCounterTag>
        <WasherTagAddress>N9:183</WasherTagAddress>
        <WasherValue>30</WasherValue>
        <CurrentFormula>
          <TagAddress>N7:50</TagAddress>
          <FormulaValue>2</FormulaValue>
          <EndOfFormula>99</EndOfFormula>
        </CurrentFormula>
        <Alarm>
          <ErrorMsgTagAddress>N7:150</ErrorMsgTagAddress>
          <ErrorCode>4</ErrorCode>
          <FormulaTagAddress>N9:181</FormulaTagAddress>
        </Alarm>
      </Washer>
      <Washer BatchId="3">
        <InjectionFrequency>400000</InjectionFrequency>
        <TagAddress>N7:51</TagAddress>
        <TagStartValue>0</TagStartValue>
        <AutoWeightEntryActiveTagAddress>B3:17/6</AutoWeightEntryActiveTagAddress>
        <AutoWeightEntryActive>0</AutoWeightEntryActive>
        <AutoWeightEntryWeightTagAddress>N10:121</AutoWeightEntryWeightTagAddress>
        <AutoWeightEntryWeight>360</AutoWeightEntryWeight>
        <NumberOfInjection>6</NumberOfInjection>
        <OperationCounterTag>N7:52</OperationCounterTag>
        <WasherTagAddress>N9:183</WasherTagAddress>
        <WasherValue>30</WasherValue>
        <CurrentFormula>
          <TagAddress>N7:50</TagAddress>
          <FormulaValue>13</FormulaValue>
          <EndOfFormula>99</EndOfFormula>
        </CurrentFormula>
        <Alarm>
          <ErrorMsgTagAddress>N7:150</ErrorMsgTagAddress>
          <ErrorCode>4</ErrorCode>
          <FormulaTagAddress>N9:181</FormulaTagAddress>
        </Alarm>
      </Washer>     -->
    </ControllerId>    
  </TestCase>
</TestCases>

