<?xml version="1.0" encoding="utf-8" ?>
<TestCases>
  <TestCase name="ABSimulation">
    <OPCServerName>RSLinx OPC Server</OPCServerName>
    <ControllerId id ="1">
      <TopicName>ULTRAX1</TopicName>
      <Washer BatchId="1">
        <InjectionFrequency>5000</InjectionFrequency>
        <TagAddress>N7:61</TagAddress>
        <TagStartValue>0</TagStartValue>
        <AutoWeightEntryActiveTagAddress>B3:17/1</AutoWeightEntryActiveTagAddress>
        <AutoWeightEntryActive>0</AutoWeightEntryActive>
        <AutoWeightEntryWeightTagAddress>N10:121</AutoWeightEntryWeightTagAddress>
        <AutoWeightEntryWeight>360</AutoWeightEntryWeight>
        <NumberOfInjection>5</NumberOfInjection>
        <OperationCounterTag>N7:62</OperationCounterTag>
        <WasherTagAddress>N9:183</WasherTagAddress>
        <WasherValue>1</WasherValue>
        <Washer>25</Washer>
        <TurnTime>1</TurnTime>
        <CurrentFormula>
          <TagAddress>N7:60</TagAddress>
          <FormulaValue>1</FormulaValue>
          <EndOfFormula>99</EndOfFormula>
        </CurrentFormula>
        <Alarm>
          <ErrorMsgTagAddress>N7:150</ErrorMsgTagAddress>
          <ErrorCode>4</ErrorCode>
          <FormulaTagAddress>N9:181</FormulaTagAddress>
        </Alarm>
      </Washer>
    </ControllerId>
  </TestCase>
</TestCases>
