﻿<?xml version="1.0" encoding="utf-8" ?>
<TestCases>
  <TestCase name="ABSimulation">
    <OPCServerName>Matrikon.OPC.Simulation.1</OPCServerName>
    <ControllerId id="1">
      <TopicName>[UNIT5]</TopicName>
      <Sensor BatchId="1">
        <InjectionFrequency>3000</InjectionFrequency>
        <TagAddress>B3:10/1</TagAddress>
        <TagStartValue>30</TagStartValue>
        <TagThresholdValue>35</TagThresholdValue>
        <NumberOfInjection>8</NumberOfInjection>
        <OperationCounterTag>B3:10/2</OperationCounterTag>
      </Sensor>
    </ControllerId>
  </TestCase>
</TestCases>