<!-- Conventional Washer for Batch Tracking
Details for XML Coded : 2 Controller (PLC Nodes - Unit5, Unit6)
			4 Washers
Verifying Functionlaties : 1. Batch Data
			   2. Washer Reading
			   3. Product Data
			   4. Alarms 
-->
<?xml version="1.0" encoding="utf-8" ?>
<TestCases>  
    <TestCase name="ABSimulation">    
	  <OPCServerName>Matrikon.OPC.Simulation.1</OPCServerName>    
	  <ControllerId id="1">
      <TopicName>[UNIT5]</TopicName>
	    <Washer BatchId="1">
        <InjectionFrequency>3000</InjectionFrequency>
        <TagAddress>N7:21</TagAddress>
        <TagStartValue>0</TagStartValue>
        <AutoWeightEntryActiveTagAddress>B3:17/3</AutoWeightEntryActiveTagAddress>
        <AutoWeightEntryActive>1</AutoWeightEntryActive>
        <AutoWeightEntryWeightTagAddress>N10:121</AutoWeightEntryWeightTagAddress>
        <AutoWeightEntryWeight>340</AutoWeightEntryWeight>
        <NumberOfInjection>5</NumberOfInjection>
        <OperationCounterTag>N7:22</OperationCounterTag>
        <WasherTagAddress>N9:183</WasherTagAddress>
        <WasherValue>10</WasherValue>
        <CurrentFormula>
          <TagAddress>N7:20</TagAddress>
          <FormulaValue>123</FormulaValue>
          <EndOfFormula>148</EndOfFormula>
        </CurrentFormula>
        <Alarm>
          <ErrorMsgTagAddress>N7:150</ErrorMsgTagAddress>
          <ErrorCode>3</ErrorCode>
          <FormulaTagAddress>N9:181</FormulaTagAddress>
        </Alarm>
	    </Washer>
      <Washer BatchId="1">
        <InjectionFrequency>3000</InjectionFrequency>
        <TagAddress>N7:31</TagAddress>
        <TagStartValue>0</TagStartValue>
        <AutoWeightEntryActiveTagAddress>B3:17/4</AutoWeightEntryActiveTagAddress>
        <AutoWeightEntryActive>1</AutoWeightEntryActive>
        <AutoWeightEntryWeightTagAddress>N10:121</AutoWeightEntryWeightTagAddress>
        <AutoWeightEntryWeight>360</AutoWeightEntryWeight>
        <NumberOfInjection>5</NumberOfInjection>
        <OperationCounterTag>N7:32</OperationCounterTag>
        <WasherTagAddress>N9:183</WasherTagAddress>
        <WasherValue>11</WasherValue>
        <CurrentFormula>
          <TagAddress>N7:30</TagAddress>
          <FormulaValue>121</FormulaValue>
          <EndOfFormula>148</EndOfFormula>
        </CurrentFormula>
        <Alarm>
          <ErrorMsgTagAddress>N7:150</ErrorMsgTagAddress>
          <ErrorCode>4</ErrorCode>
          <FormulaTagAddress>N9:181</FormulaTagAddress>
        </Alarm>
	    </Washer>
    </ControllerId>
      
    <ControllerId id="1">
      <TopicName>[UNIT6]</TopicName>	   
      <Washer BatchId="2">
		      <InjectionFrequency>3000</InjectionFrequency>
		      <TagAddress>N7:11</TagAddress>
		      <TagStartValue>0</TagStartValue>
          <AutoWeightEntryActiveTagAddress>B3:17/2</AutoWeightEntryActiveTagAddress>
          <AutoWeightEntryActive>1</AutoWeightEntryActive>
          <AutoWeightEntryWeightTagAddress>N10:121</AutoWeightEntryWeightTagAddress>
          <AutoWeightEntryWeight>320</AutoWeightEntryWeight>
          <NumberOfInjection>5</NumberOfInjection>        
          <OperationCounterTag>N7:12</OperationCounterTag>
          <WasherTagAddress>N9:183</WasherTagAddress>
          <WasherValue>9</WasherValue>
          <CurrentFormula>
		        <TagAddress>N7:10</TagAddress>
            <FormulaValue>122</FormulaValue>
		        <EndOfFormula>138</EndOfFormula>
	        </CurrentFormula>
          <Alarm>
            <ErrorMsgTagAddress>N7:150</ErrorMsgTagAddress>
            <ErrorCode>1</ErrorCode>
            <FormulaTagAddress>N9:181</FormulaTagAddress>
          </Alarm>
	    </Washer>
      <Washer BatchId ="1">
        <InjectionFrequency>3000</InjectionFrequency>
        <TagAddress>N7:1</TagAddress>
        <TagStartValue>0</TagStartValue>
        <AutoWeightEntryActiveTagAddress>B3:17/1</AutoWeightEntryActiveTagAddress>
        <AutoWeightEntryActive>1</AutoWeightEntryActive>
        <AutoWeightEntryWeightTagAddress>N10:121</AutoWeightEntryWeightTagAddress>
        <AutoWeightEntryWeight>300</AutoWeightEntryWeight>
        <NumberOfInjection>5</NumberOfInjection>
        <OperationCounterTag>N7:2</OperationCounterTag>
        <WasherTagAddress>N9:183</WasherTagAddress>
        <WasherValue>8</WasherValue>
        <CurrentFormula>
          <TagAddress>N7:0</TagAddress>
          <FormulaValue>121</FormulaValue>
          <EndOfFormula>128</EndOfFormula>
        </CurrentFormula>
        <Alarm>
          <ErrorMsgTagAddress>N7:150</ErrorMsgTagAddress>
          <ErrorCode>2</ErrorCode>
          <FormulaTagAddress>N9:181</FormulaTagAddress>
        </Alarm>
      </Washer>
    </ControllerId>     
  </TestCase>
</TestCases>
 