﻿<?xml version="1.0" encoding="utf-8" ?>
<TestCases>  
  <Test>
    <TestName>TC01_VerySetupMenuItem_Sample</TestName>
    <Description></Description>
  </Test>
  <Test>
    <TestName>ManualInputRewashTests_Sample</TestName>
    <Description></Description>
  </Test>
  <Test>
    <TestName>TC03_VerifyControllerToPlantSetupNavigation_Sample</TestName>
    <TestSuit>Custom Suit</TestSuit>
    <Description></Description>
  </Test>
  <Test>
    <TestName>TC01_Edit_PumpsValves_AllenBradley</TestName>
    <Description></Description>
  </Test>
  <Test>
    <TestName>TC02_Edit_PumpsValves_Beckhoff</TestName>
    <Description></Description>
  </Test>
  <Test>
    <TestName>TC03_Verify_UpdatePumps_CancelFunctionality</TestName>
    <Description></Description>
  </Test>
  <Test>
    <TestName>TC04_Verify_UpdatePumps</TestName>
    <Description></Description>
  </Test>
  <Test>
    <TestName>TC05_Verify_InlineEdit_Pumps_Cancel</TestName>
    <Description></Description>
  </Test>
  <Test>
    <TestName>TC06_Verify_InlineEdit_Pumps_Update</TestName>
    <Description></Description>
  </Test>
  <Test>
    <TestName>TC07_Verify_Pumps_Localization</TestName>
    <Description></Description>
  </Test>
  <Test>
    <TestName>TC08_Verify_Pumps_UserRole8</TestName>
    <Description></Description>
  </Test>
  <Test>
    <TestName>TC09_Verify_Pumps_UserRole6</TestName>
    <Description></Description>
  </Test>
  <Test>
    <TestName>TC10_Verify_Pumps_UserRole4</TestName>
    <Description></Description>
  </Test>
  <Test>
    <TestName>TC07_VerifyUpdateFunctionality</TestName>
    <Description></Description>
  </Test>
  <Test>
    <TestName>TC05_VerifyValueInWasherGroupField</TestName>
    <Description></Description>
  </Test>
  <Test>
    <TestName>TC06_VerifyValueInFormulasField</TestName>
    <Description></Description>
  </Test>
  <Test>
    <TestName>TC07_VerifySaveButtonOnEditFunctionality</TestName>
    <Description></Description>
  </Test>
  <Test>
    <TestName>TC02_Verify_Localization_Alarm</TestName>
    <Description>Excluded localization tests</Description>
  </Test>
  <Test>
    <TestName>TC04_LocalizationDryers</TestName>
    <Description>Excluded localization tests</Description>
  </Test>
  <Test>
    <TestName>TC05_PostLocalizationDryers</TestName>
    <Description>Excluded localization tests</Description>
  </Test>
  <Test>
    <TestName>TC07_VerifyLocalization</TestName>
    <Description>Excluded localization tests</Description>
  </Test>
  <Test>
    <TestName>TC08_PostLocalization</TestName>
    <Description>Excluded localization tests</Description>
  </Test>
  <Test>
    <TestName>TC13_LocalizationFinishers</TestName>
    <Description>Excluded localization tests</Description>
  </Test>
  <Test>
    <TestName>TC02_VerifyGeneralTabPreferredLanguage</TestName>
    <Description>Excluded localization tests</Description>
  </Test>
  <Test>
    <TestName>TC03_VerifyGenTabCancelButtonFunctionality</TestName>
    <Description>Excluded localization tests</Description>
  </Test>
  <Test>
    <TestName>TC04_VerifyGenTabOkButtonFunctionality</TestName>
    <Description>Excluded localization tests</Description>
  </Test>
  <Test>
    <TestName>TC06_VerifyGeneralTabPreferredCurrency</TestName>
    <Description>Excluded localization tests</Description>
  </Test>
  <Test>
    <TestName>TC07_VerifyGeneralTabExportPath</TestName>
    <Description>Excluded localization tests</Description>
  </Test>
  <Test>
    <TestName>TC06_VerifyLaboursCostLocalization</TestName>
    <Description>Excluded localization tests</Description>
  </Test>
  <Test>
    <TestName>TC07_LaborCostPostLocalization</TestName>
    <Description>Excluded localization tests</Description>
  </Test>
  <Test>
    <TestName>TC10_VerifyRedFlagLocalization</TestName>
    <Description>Excluded localization tests</Description>
  </Test>
  <Test>
    <TestName>TC09_VerifyLocalization</TestName>
    <Description>Excluded localization tests</Description>
  </Test>
  <Test>
    <TestName>TC10_PostLocalization</TestName>
    <Description>Excluded localization tests</Description>
  </Test>
  <Test>
    <TestName>TC06_Verify_StorageTanks_Localization</TestName>
    <Description>Excluded localization tests</Description>
  </Test>
  <Test>
    <TestName>TC06_VerifyFormulasLocalization</TestName>
    <Description>Excluded localization tests</Description>
  </Test>
  <Test>
    <TestName>TC18_VerifyWashStepsLocalization</TestName>
    <Description>Excluded localization tests</Description>
  </Test>
  <Test>
    <TestName>TC19_WasherStepsPostLocalization</TestName>
    <Description>Excluded localization tests</Description>
  </Test>
  <Test>
    <TestName>TC07_VerifyWashersLocalization</TestName>
    <Description>Excluded localization tests</Description>
  </Test>
  <Test>
    <TestName>TC08_WashersPostLocalization</TestName>
    <Description>Excluded localization tests</Description>
  </Test>
  <Test>
    <TestName>TC10_VerifyRedFlagLocalization</TestName>
    <Description>Excluded localization tests</Description>
  </Test>
  <Test>
    <TestName>TC11_PostRedFlagLocalization</TestName>
    <Description>Excluded localization tests</Description>
  </Test>
  <Test>
    <TestName>TC06_VerifyLaboursCostLocalization</TestName>
    <Description>Excluded localization tests</Description>
  </Test>
  <Test>
    <TestName>TC03_VerifyUtilitySetUpPageLocalization</TestName>
    <Description>Excluded localization tests</Description>
  </Test>
  <Test>
    <TestName>TC04_UtilitySetupPagePostLocalization</TestName>
    <Description>Excluded localization tests</Description>
  </Test>
   <Test>
    <TestName>TC02_VerifyAuditTablesForInsert</TestName>
    <Description>Excluded localization tests</Description>
  </Test>
  <Test>
    <TestName>TC08_VerifyWasherGroupLocalization</TestName>
    <Description>Excluded localization tests</Description>
  </Test>
  <Test>
    <TestName>TC09_WasherGroupPostLocalization</TestName>
    <Description>Excluded localization tests</Description>
  </Test>
  <Test>
    <TestName>TC03_Verifythelocalization</TestName>
    <Description>Excluded localization tests</Description>
  </Test>
</TestCases>
