﻿<?xml version="1.0" encoding="utf-8" ?>
<TestSettings>
  <TestSetting>
    <Url>https://insideview.allianceglobalservices.com/share/page/dashboard-ags</Url>
  </TestSetting>
  <TestSetting>
    <CentralUrl>http://hyd-tcd3:1132/TextileCare/Report</CentralUrl>
  </TestSetting>
  <TestSetting>
    <DBConnection>Data Source=localhost\SQLExpress;Initial Catalog=ConduitLocal;User ID=tcddev;Password=Agstcd@1</DBConnection>
  </TestSetting>
  <TestSetting>
    <GetByFilterAPI>http://localhost/Api/TrendingChart/GetByFilters?</GetByFilterAPI>
  </TestSetting>
  <TestSetting>
    <MaxTimeoutValue>20000</MaxTimeoutValue>
  </TestSetting>
  <TestSetting>
    <UserViewMode>true</UserViewMode>
  </TestSetting>
  <TestSetting>
    <UserViewDelayTime>150</UserViewDelayTime>
  </TestSetting>
</TestSettings>
