﻿<?xml version="1.0" encoding="utf-8" ?>
<Archive>
  <BatchDataTables>
    <Table>
      <Name>AEDAdultPad</Name>
      <ArchiveQuery>Select * from [ProdTest].[dbo].[AEDAdultPad]</ArchiveQuery>
      <DeleteQuery></DeleteQuery>
    </Table>
    <Table>
      <Name></Name>
      <ArchiveQuery></ArchiveQuery>
      <DeleteQuery></DeleteQuery>
    </Table>
  </BatchDataTables>
  <TrendingDataTables>
    
  </TrendingDataTables> 
  <AuditHistoryTables>
    
  </AuditHistoryTables>
  <CommonData>
    <BcpQuery>EXEC xp_cmdshell 'bcp "#QUERY#" queryout #FILELOCATION# -S#DBSERVER# -U#DBUSER# -P#PWD# -c -t ","'</BcpQuery>
  </CommonData>
</Archive>
