# OPC Server - Alias CSV File
# Format as follows:
# GroupName,AliasName,"Item Path",DataType,ReadOnly,PollAlways,UpdateRate
# e.g.: [MyGroup1,MyAlias,"Plc1.4:1001",3,1,1,500
# 
# Tips: - do not leave spaces between commas and values
#       - consult user's manual for valid data type enumerations
#       - always provide an update rate if poll always is true
#       - aliases are case sensitive - ensure you use appropriate case
#
"Controller 1",B3:10/1,,2,0,0,0,0
"Controller 1",B3:10/2,,2,0,0,0,0
"Controller 1",B3:10/3,,2,0,0,0,0
"Controller 1",B3:10/4,,2,0,0,0,0
"Controller 1",B3:17/1,,2,0,0,0,0
"Controller 1",B3:17/2,,2,0,0,0,0
"Controller 1",B3:17/3,,2,0,0,0,0
"Controller 1",B3:17/4,,2,0,0,0,0
"Controller 1",C5:40,,2,0,0,0,0
"Controller 1",C5:42,,2,0,0,0,0
"Controller 1",C5:44,,2,0,0,0,0
"Controller 1",C5:46,,2,0,0,0,0
"Controller 1",N10:100,,2,0,0,0,0
"Controller 1",N10:101,,2,0,0,0,0
"Controller 1",N10:102,,2,0,0,0,0
"Controller 1",N10:103,,2,0,0,0,0
"Controller 1",N10:120,,2,0,0,0,0
"Controller 1",N10:126,,2,0,0,0,0
"Controller 1",N10:132,,2,0,0,0,0
"Controller 1",N10:138,,2,0,0,0,0
"Controller 1",N10:144,,2,0,0,0,0
"Controller 1",N10:192,,2,0,0,0,0
"Controller 1",N10:50,,2,0,0,0,0
"Controller 1",N10:51,,2,0,0,0,0
"Controller 1",N10:52,,2,0,0,0,0
"Controller 1",N10:53,,2,0,0,0,0
"Controller 1",N10:80,,2,0,0,0,0
"Controller 1",N10:81,,2,0,0,0,0
"Controller 1",N10:82,,2,0,0,0,0
"Controller 1",N10:83,,2,0,0,0,0
"Controller 1",N148:1,,2,0,0,0,0
"Controller 1",N148:2,,2,0,0,0,0
"Controller 1",N148:3,,2,0,0,0,0
"Controller 1",N148:4,,2,0,0,0,0
"Controller 1",N7:0,,2,0,0,0,0
"Controller 1",N7:1,,2,0,0,0,0
"Controller 1",N7:10,,2,0,0,0,0
"Controller 1",N7:11,,2,0,0,0,0
"Controller 1",N7:12,,2,0,0,0,0
"Controller 1",N7:15,,2,0,0,0,0
"Controller 1",N7:2,,2,0,0,0,0
"Controller 1",N7:20,,2,0,0,0,0
"Controller 1",N7:21,,2,0,0,0,0
"Controller 1",N7:22,,2,0,0,0,0
"Controller 1",N7:240,,2,0,0,0,0
"Controller 1",N7:241,,2,0,0,0,0
"Controller 1",N7:242,,2,0,0,0,0
"Controller 1",N7:243,,2,0,0,0,0
"Controller 1",N7:25,,2,0,0,0,0
"Controller 1",N7:30,,2,0,0,0,0
"Controller 1",N7:31,,2,0,0,0,0
"Controller 1",N7:32,,2,0,0,0,0
"Controller 1",N7:35,,2,0,0,0,0
"Controller 1",N7:5,,2,0,0,0,0
"Controller 1",O:6/0,,2,0,0,0,0
"Controller 1",O:6/1,,2,0,0,0,0
"Controller 1",O:6/2,,2,0,0,0,0
"Controller 1",O:6/3,,2,0,0,0,0
"Controller 1",T4:130,,2,0,0,0,0
"Controller 1",T4:131,,2,0,0,0,0
"Controller 1",T4:132,,2,0,0,0,0
"Controller 1",T4:133,,2,0,0,0,0
"TDI Controller 1",N7:1,,2,0,0,0,0
"TDI Controller 1",N7:10,,2,0,0,0,0
"TDI Controller 1",N7:11,,2,0,0,0,0
"TDI Controller 1",N7:12,,2,0,0,0,0
"TDI Controller 1",N7:2,,2,0,0,0,0
"TDI Controller 1",N7:20,,2,0,0,0,0
"TDI Controller 1",N7:21,,2,0,0,0,0
"TDI Controller 1",N7:22,,2,0,0,0,0
"TDI Controller 1",N7:3,,2,0,0,0,0
"TDI Controller 1",N7:4,,2,0,0,0,0
"TDI Controller 1",N7:60,,2,0,0,0,0
"TDI Controller 1",N7:61,,2,0,0,0,0
"TDI Controller 1",N7:62,,2,0,0,0,0
"TDI Controller 1",N7:63,,2,0,0,0,0
"TDI Controller 1",N7:64,,2,0,0,0,0
"TDI Controller 1",N7:65,,2,0,0,0,0
"TDI Controller 1",N7:66,,2,0,0,0,0
"TDI Controller 1",N7:67,,2,0,0,0,0
"TDI Controller 1",N7:68,,2,0,0,0,0
"TDI Controller 1",N7:69,,2,0,0,0,0
"TDI Controller 1",N7:70,,2,0,0,0,0
"TDI Controller 1",N7:71,,2,0,0,0,0
"TDI Controller 1",N7:72,,2,0,0,0,0
"TDI Controller 1",N7:73,,2,0,0,0,0
"TDI Controller 1",N7:74,,2,0,0,0,0
"TDI Controller 1",N7:75,,2,0,0,0,0
"TDI Controller 1",N7:76,,2,0,0,0,0
"TDI Controller 1",N7:77,,2,0,0,0,0
"TDI Controller 1",N7:78,,2,0,0,0,0
"TDI Controller 1",N7:79,,2,0,0,0,0
