﻿<MyService>
  <MyServiceMasterData>
    <Processor>
      <Name>DrainDestination</Name>
      <Enabled>true</Enabled>
    </Processor>
    <Processor>
      <Name>DeviceType</Name>
      <Enabled>true</Enabled>
    </Processor>
    <Processor>
      <Name>DeviceModel</Name>
      <Enabled>true</Enabled>
    </Processor>
    <Processor>
      <Name>EcolabTextileCategory</Name>
      <Enabled>true</Enabled>
    </Processor>
    <Processor>
      <Name>EcolabSaturation</Name>
      <Enabled>true</Enabled>
    </Processor>
    <Processor>
      <Name>GasOilTypes</Name>
      <Enabled>true</Enabled>
    </Processor>
    <Processor>
      <Name>PackageSize</Name>
      <Enabled>true</Enabled>
    </Processor>
    <Processor>
      <Name>ProductCategory</Name>
      <Enabled>true</Enabled>
    </Processor>
    <Processor>
      <Name>ProductMaster</Name>
      <Enabled>true</Enabled>
    </Processor>
    <Processor>
      <Name>PlantContactPosition</Name>
      <Enabled>true</Enabled>
    </Processor>
    
    <Processor>
      <Name>WasherModelSize</Name>
      <Enabled>true</Enabled>
    </Processor>
    <Processor>
      <Name>WashOperation</Name>
      <Enabled>true</Enabled>
    </Processor>
    <Processor>
      <Name>WaterType</Name>
      <Enabled>true</Enabled>
    </Processor>
    <Processor>
      <Name>TunnelWaterFlowType</Name>
      <Enabled>true</Enabled>
    </Processor>
    <Processor>
      <Name>TunnelWaterInletDrainLookup</Name>
      <Enabled>true</Enabled>
    </Processor>
    <Processor>
      <Name>TunnelTransferType</Name>
      <Enabled>true</Enabled>
    </Processor>
    <Processor>
      <Name>TunnelPressExtractor</Name>
      <Enabled>true</Enabled>
    </Processor>
    <Processor>
      <Name>WasherWaterLevelReference</Name>
      <Enabled>true</Enabled>
    </Processor>
  </MyServiceMasterData>
  <EnvisionMasterData>
    <Processor>
      <Name>FormulaSegments</Name>
      <Enabled>false</Enabled>
    </Processor>
    <Processor>
      <Name>PlantChain</Name>
      <Enabled>false</Enabled>
    </Processor>
    <Processor>
      <Name>ChainTextileCategory</Name>
      <Enabled>false</Enabled>
    </Processor>
    <Processor>
      <Name>FormulaCategory</Name>
      <Enabled>false</Enabled>
    </Processor>
    <Processor>
      <Name>ChainFormula</Name>
      <Enabled>false</Enabled>
    </Processor>
    <Processor>
      <Name>ProductCategory</Name>
      <Enabled>false</Enabled>
    </Processor>
    <Processor>
      <Name>ExchangeRates</Name>
      <Enabled>false</Enabled>
    </Processor>
    <Processor>
      <Name>PlantChainProgram</Name>
      <Enabled>false</Enabled>
    </Processor>
    <Processor>
      <Name>RewashReason</Name>
      <Enabled>false</Enabled>
    </Processor>
    <Processor>
      <Name>AlarmMaster</Name>
      <Enabled>false</Enabled>
    </Processor>
    <Processor>
      <Name>LanguageMaster</Name>
      <Enabled>false</Enabled>
    </Processor>
    <Processor>
      <Name>ResourceKeyValue</Name>
      <Enabled>false</Enabled>
    </Processor>
  </EnvisionMasterData>
  <UIData>
    <Processor>
      <Name>PlantSetup</Name>
      <Enabled>true</Enabled>
    </Processor>
    <Processor>
      <Name>PlantUser</Name>
      <Enabled>true</Enabled>
    </Processor>
    <Processor>
      <Name>PlantContact</Name>
      <Enabled>true</Enabled>
    </Processor>
    <Processor>
      <Name>PlantChemical</Name>
      <Enabled>true</Enabled>
    </Processor>
    <Processor>
      <Name>PlantUtility</Name>
      <Enabled>true</Enabled>
    </Processor>
    <Processor>
      <Name>PlantFormula</Name>
      <Enabled>true</Enabled>
    </Processor>
    <Processor>
      <Name>OrderRecieved</Name>
      <Enabled>true</Enabled>
    </Processor>
    <Processor>
      <Name>OpenActionItems</Name>
      <Enabled>true</Enabled>
    </Processor>
    <Processor>
      <Name>WaterEnergyDevice</Name>
      <Enabled>true</Enabled>
    </Processor>
    <Processor>
      <Name>Dispenser</Name>
      <Enabled>true</Enabled>
    </Processor>
    <Processor>
      <Name>WasherGroups</Name>
      <Enabled>true</Enabled>
    </Processor>
    <Processor>
      <Name>ConventionalWasher</Name>
      <Enabled>true</Enabled>
    </Processor>
    <Processor>
      <Name>ConventionalWasherFormula</Name>
      <Enabled>true</Enabled>
    </Processor>
    <Processor>
      <Name>TunnelWasher</Name>
      <Enabled>true</Enabled>
    </Processor>
    <Processor>
      <Name>TunnelWasherFormula</Name>
      <Enabled>true</Enabled>
    </Processor>
    <Processor>
      <Name>ManualProduction</Name>
      <Enabled>true</Enabled>
    </Processor>
  </UIData>
</MyService>