﻿<?xml version="1.0" encoding="utf-8" ?>
<TestSettings>  
  <TestSetting>
    <Url>http://hyd-vchembeti/</Url>
  </TestSetting>
  <TestSetting>
    <DBConnection>Data Source=hyd-vchembeti\SQLExpress;Initial Catalog=ConduitLocal;User ID=tcddev;Password=Agstcd@1</DBConnection>    
  </TestSetting>
  <TestSetting>
    <GetByFilterAPI>http://hyd-vchembeti/Api/TrendingChart/GetByFilters?</GetByFilterAPI>
  </TestSetting>
  <TestSetting>
    <MaxTimeoutValue>20000</MaxTimeoutValue>	
  </TestSetting>
  <TestSetting>
    <UserViewMode>true</UserViewMode>
  </TestSetting>
  <TestSetting>
      <UserViewDelayTime>150</UserViewDelayTime>
  </TestSetting>
</TestSettings>
 