﻿<?xml version="1.0" encoding="utf-8" ?>
<TestSettings>
  <TestSetting>
    <User>Admin</User>
    <Password>baloce</Password>
    <UserRoleCode>ADM</UserRoleCode>
  </TestSetting>
  <TestSetting>
    <User>TREcolab</User>
    <Password>test</Password>
    <UserRoleCode>TRE</UserRoleCode>
  </TestSetting>
  <TestSetting>
    <User>Engineer</User>
    <Password>test</Password>
    <UserRoleCode>ENG</UserRoleCode>
  </TestSetting>
  <TestSetting>
    <User>TRCustomer</User>
    <Password>test</Password>
    <UserRoleCode>TRC</UserRoleCode>
  </TestSetting>
  <TestSetting>
    <User>TMAdvanced</User>
    <Password>test</Password>
    <UserRoleCode>TMA</UserRoleCode>
  </TestSetting>
  <TestSetting>
    <User>TMBasic</User>
    <Password>test</Password>
    <UserRoleCode>TMB</UserRoleCode>
  </TestSetting>
  <TestSetting>
    <User>BDManager</User>
    <Password>test</Password>
    <UserRoleCode>BDM</UserRoleCode>
  </TestSetting>
  <TestSetting>
    <User>CAManager</User>
    <Password>test</Password>
    <UserRoleCode>CAM</UserRoleCode>
  </TestSetting>
  <TestSetting>
    <User>PManager</User>
    <Password>test</Password>
    <UserRoleCode>PM</UserRoleCode>
  </TestSetting>
  <TestSetting>
    <User>PEngineer</User>
    <Password>test</Password>
    <UserRoleCode>PE</UserRoleCode>
  </TestSetting>
  <TestSetting>
    <User>Operator</User>
    <Password>test</Password>
    <UserRoleCode>OPE</UserRoleCode>
  </TestSetting>
  <TestSetting>
    <User>TempEcolab</User>
    <Password>test</Password>
    <UserRoleCode>TRE</UserRoleCode>
  </TestSetting>
  <TestSetting>
    <User>TempCustomer</User>
    <Password>test</Password>
    <UserRoleCode>TRC</UserRoleCode>
  </TestSetting>
  <TestSetting>
    <User>jack.Thompson@ecolab.com</User>
    <Password>Envision123@</Password>
    <UserRoleCode>Reports</UserRoleCode>
  </TestSetting>
</TestSettings>
